Time (s),CPU %,Memory MB,GPU %
1,16.7,5419,0.0
2,19.7,7229,0.0
3,20.0,7664,0.0
4,20.3,8092,0.0
5,20.8,8173,1.0
6,21.3,8725,1.0
7,20.4,8631,0.0
8,21.0,9081,0.0
9,20.4,10132,2.0
10,22.4,10183,11.0
11,22.3,10385,0.0
12,22.5,10469,0.0
13,21.9,10628,0.0
14,21.9,10330,0.0
15,22.4,10344,1.0
16,22.4,10204,8.0
17,22.1,10352,0.0
18,22.1,10514,10.0
19,22.7,10323,0.0
20,22.0,10317,11.0
21,22.2,10210,11.0
22,22.1,10322,0.0
23,21.9,10285,1.0
24,22.0,10303,0.0
25,22.2,10429,0.0
26,23.1,10625,5.0
27,22.4,10284,0.0
28,22.1,10340,6.0
29,22.0,10339,7.0
30,22.1,10509,0.0
31,22.5,10498,10.0
32,22.5,10472,0.0
33,22.5,10340,9.0
34,22.0,10234,0.0
35,21.8,10593,0.0
36,22.5,10446,0.0
37,22.4,10234,5.0
38,22.0,10580,0.0
39,22.0,10255,0.0
40,22.6,10251,5.0
41,22.4,10549,0.0
42,22.5,10631,0.0
43,21.2,10300,0.0
44,19.0,10358,0.0
45,19.0,10465,0.0
46,19.2,10666,0.0
47,19.9,10562,0.0
48,19.0,10270,0.0
49,19.0,10484,8.0
50,19.0,10377,1.0
51,19.6,10592,0.0
52,19.3,10689,11.0
53,18.7,10273,0.0
54,19.4,10334,8.0
55,18.9,10336,0.0
56,19.2,10492,8.0
57,19.3,10365,0.0
58,19.1,10444,10.0
59,18.9,10251,0.0
60,19.0,10613,0.0
61,19.6,10377,11.0
62,19.3,10494,0.0
63,19.0,10675,5.0
64,19.1,10541,0.0
65,19.0,10356,0.0
66,19.2,10543,0.0
67,19.1,10632,1.0
68,19.5,10461,0.0
69,18.9,10358,5.0
70,18.7,10674,11.0
71,19.4,10324,0.0
72,19.5,10471,10.0
73,19.1,10339,0.0
74,19.0,10473,0.0
75,19.2,10698,7.0
76,19.2,10415,0.0
77,19.4,10502,0.0
78,19.0,10396,10.0
79,18.9,10645,0.0
80,18.9,10352,2.0
81,19.0,10289,0.0
82,19.8,10610,0.0
83,18.9,10430,9.0
84,19.1,10614,0.0
85,18.8,10323,0.0
86,19.3,10289,0.0
87,19.3,10650,0.0
88,18.8,10338,5.0
89,19.5,10289,0.0
90,18.9,10660,0.0
91,19.3,10465,2.0
92,19.4,10320,0.0
93,19.0,10362,10.0
94,19.2,10451,0.0
95,18.9,10288,0.0
96,19.8,10289,9.0
97,19.3,10566,0.0
98,18.7,10573,0.0
99,18.8,10329,0.0
100,18.9,10717,0.0
101,19.1,10715,3.0
102,19.4,10327,0.0
103,19.5,10396,0.0
104,18.9,10328,0.0
105,18.8,10610,0.0
106,19.3,10547,7.0
107,19.4,10307,0.0
108,19.0,10388,0.0
109,18.9,10289,0.0
110,19.4,10396,0.0
111,19.2,10315,0.0
112,19.4,10728,3.0
113,19.0,10327,6.0
114,19.2,10714,0.0
115,18.8,10540,3.0
116,19.3,10289,0.0
117,19.6,10702,2.0
118,19.2,10396,0.0
119,18.9,10717,0.0
120,19.0,10717,7.0
121,19.3,10531,0.0
122,19.2,10374,1.0
123,19.0,10418,0.0
124,19.4,10596,1.0
125,19.0,10369,0.0
126,19.2,10660,0.0
127,19.3,10379,3.0
128,19.0,10316,0.0
129,19.0,10289,0.0
130,19.0,10303,0.0
131,19.7,10289,4.0
132,19.4,10289,5.0
133,19.4,10610,5.0
134,21.8,10503,0.0
135,22.3,10396,6.0
136,22.5,10289,5.0
137,22.6,10579,0.0
138,22.6,10707,2.0
139,22.2,10551,0.0
140,22.2,10429,0.0
141,22.2,10289,0.0
142,22.7,10503,2.0
143,22.2,10396,7.0
144,22.0,10530,0.0
145,22.1,10289,0.0
146,22.3,10289,0.0
147,22.5,10735,0.0
148,22.3,10663,9.0
149,22.2,10562,0.0
150,22.0,10503,3.0
151,21.8,10289,10.0
152,22.4,10622,0.0
153,22.9,10395,8.0
154,22.0,10322,0.0
155,22.1,10396,0.0
156,21.9,10289,3.0
157,22.5,10580,0.0
158,22.5,10470,10.0
159,22.3,10346,0.0
160,22.5,10501,10.0
161,21.8,10355,0.0
162,22.6,10396,1.0
163,22.5,10289,0.0
164,21.8,10620,0.0
165,22.1,10396,0.0
166,22.1,10701,0.0
167,22.9,10289,0.0
168,22.4,10289,0.0
169,22.1,10610,0.0
170,22.1,10712,10.0
171,22.0,10459,0.0
172,22.3,10424,2.0
173,22.5,10461,0.0
174,22.8,10535,2.0
175,22.0,10350,0.0
176,22.0,10712,2.0
177,22.3,10485,8.0
178,22.6,10581,0.0
179,22.1,10522,5.0
180,22.5,10319,0.0
181,22.3,10503,0.0
182,22.1,10396,0.0
183,22.5,10627,0.0
184,22.2,10556,8.0
185,22.1,10289,0.0
186,21.9,10606,0.0
187,22.2,10393,4.0
188,23.0,10563,0.0
189,22.0,10396,5.0
190,22.2,10461,0.0
191,21.8,10334,11.0
192,22.4,10375,0.0
193,22.4,10554,10.0
194,22.2,10658,0.0
195,22.4,10437,6.0
196,21.9,10393,0.0
197,22.8,10541,0.0
198,22.3,10318,8.0
199,22.2,10304,0.0
200,22.1,10706,0.0
201,22.1,10642,0.0
202,22.9,10289,0.0
203,22.6,10503,0.0
204,22.2,10396,8.0
205,22.2,10591,2.0
206,21.8,10396,13.0
207,22.4,10693,0.0
208,22.5,10717,11.0
209,22.2,10361,0.0
210,22.1,10540,8.0
211,21.9,10292,0.0
212,22.2,10712,0.0
213,22.4,10483,5.0
214,21.6,10399,0.0
215,22.1,10527,9.0
216,22.6,10364,0.0
217,22.4,10396,1.0
218,22.4,10289,0.0
219,22.2,10289,0.0
220,22.0,10396,5.0
221,22.0,10633,0.0
222,22.4,10338,0.0
223,23.0,10501,3.0
224,22.1,10627,0.0
225,21.9,10417,11.0
226,22.2,10649,0.0
227,22.3,10423,11.0
228,22.5,10448,0.0
229,22.2,10494,10.0
230,22.5,10507,0.0
231,21.9,10479,3.0
232,22.6,10320,0.0
233,22.2,10649,0.0
234,21.9,10582,0.0
235,21.9,10329,2.0
236,22.4,10295,0.0
237,22.8,10536,0.0
238,22.3,10641,0.0
239,22.2,10491,2.0
240,22.1,10617,6.0
241,22.1,10402,9.0
242,22.7,10621,0.0
243,22.6,10703,11.0
244,22.1,10516,0.0
245,22.0,10321,0.0
246,22.4,10320,0.0
247,22.5,10509,3.0
248,22.3,10295,5.0
249,22.0,10593,0.0
250,22.6,10508,10.0
251,22.3,10661,1.0
252,22.5,10304,0.0
253,22.0,10302,0.0
254,22.2,10326,0.0
255,22.1,10363,0.0
256,21.7,10625,0.0
257,22.8,10416,6.0
258,22.0,10295,0.0
259,22.1,10616,2.0
260,21.9,10616,10.0
261,22.2,10522,0.0
262,22.5,10357,11.0
263,22.5,10295,0.0
264,22.1,10509,2.0
265,22.4,10394,4.0
266,22.1,10688,0.0
267,22.4,10668,2.0
268,22.5,10415,0.0
269,22.2,10449,11.0
270,22.1,10471,1.0
271,22.3,10366,1.0
272,22.4,10343,0.0
273,22.4,10402,2.0
274,22.2,10309,0.0
275,22.0,10491,0.0
276,21.9,10702,9.0
277,22.7,10368,0.0
278,22.0,10295,0.0
279,22.9,10342,0.0
280,22.1,10401,10.0
281,21.9,10372,0.0
282,22.8,10509,3.0
283,22.0,10509,8.0
284,22.0,10723,0.0
285,22.1,10656,0.0
286,22.1,10296,0.0
287,22.7,10546,0.0
288,22.2,10523,10.0
289,22.2,10478,0.0
290,22.1,10295,2.0
291,22.1,10509,0.0
292,22.4,10620,0.0
293,22.9,10663,11.0
294,22.0,10301,0.0
295,22.1,10509,3.0
296,22.0,10402,0.0
297,22.4,10688,0.0
298,22.5,10442,11.0
299,22.2,10419,0.0
300,22.5,10459,0.0
301,22.0,10509,0.0
302,22.2,10672,1.0
303,22.7,10423,0.0
304,22.1,10397,0.0
305,22.1,10411,11.0
306,22.1,10341,0.0
307,23.0,10418,0.0
308,22.0,10296,0.0
309,22.1,10509,0.0
310,22.1,10367,0.0
311,22.3,10701,0.0
312,22.4,10504,1.0
313,22.1,10335,0.0
314,22.1,10700,5.0
315,21.2,10639,0.0
316,22.0,10295,0.0
317,22.5,10509,3.0
318,22.1,10351,0.0
319,21.7,10509,11.0
320,21.7,10706,4.0
321,22.5,10424,0.0
322,22.6,10316,11.0
323,22.2,10624,0.0
324,22.1,10515,11.0
325,22.1,10374,0.0
326,22.1,10616,0.0
327,22.6,10583,4.0
328,22.3,10398,0.0
329,22.1,10522,7.0
330,22.0,10295,0.0
331,22.3,10557,0.0
332,22.3,10723,9.0
333,22.0,10543,0.0
334,22.6,10295,1.0
335,22.3,10402,0.0
336,22.0,10672,0.0
337,22.4,10566,6.0
338,22.2,10456,0.0
339,21.9,10690,0.0
340,21.9,10502,0.0
341,22.0,10295,0.0
342,23.3,10683,0.0
343,22.1,10603,10.0
344,22.1,10353,0.0
345,22.2,10402,0.0
346,21.9,10723,4.0
347,22.8,10581,0.0
348,22.5,10574,2.0
349,22.6,10459,0.0
350,22.0,10315,11.0
351,22.3,10455,0.0
352,22.9,10393,5.0
353,22.0,10295,0.0
354,22.1,10509,0.0
355,22.2,10295,0.0
356,22.2,10718,0.0
357,22.5,10668,2.0
358,22.1,10378,0.0
359,22.0,10295,0.0
360,22.0,10429,0.0
361,22.3,10610,0.0
362,22.4,10600,7.0
363,22.6,10696,0.0
364,22.0,10565,4.0
365,21.9,10295,4.0
366,22.4,10577,0.0
367,22.1,10309,0.0
368,22.1,10415,0.0
369,22.3,10390,11.0
370,22.4,10359,0.0
371,22.0,10689,0.0
372,22.3,10562,10.0
373,22.1,10547,0.0
374,22.0,10716,10.0
375,22.1,10454,0.0
376,22.5,10695,2.0
377,22.7,10400,10.0
378,22.1,10631,0.0
379,21.9,10711,2.0
380,22.2,10519,0.0
381,22.4,10389,2.0
382,22.4,10295,0.0
383,22.2,10723,0.0
384,22.5,10393,0.0
385,22.2,10661,0.0
386,22.3,10463,8.0
387,22.4,10295,0.0
388,22.3,10609,0.0
389,22.1,10295,6.0
390,22.3,10705,0.0
391,22.6,10654,0.0
392,22.2,10297,0.0
393,22.1,10615,0.0
394,22.0,10711,2.0
395,22.2,10295,0.0
396,22.0,10617,0.0
397,22.5,10314,2.0
398,22.6,10389,0.0
399,22.0,10588,1.0
400,22.0,10708,11.0
401,21.9,10394,0.0
402,22.7,10437,8.0
403,22.0,10401,0.0
404,22.3,10402,0.0
405,22.7,10402,0.0
406,21.8,10707,7.0
407,22.8,10402,7.0
408,22.3,10713,2.0
409,22.3,10387,0.0
410,22.1,10569,0.0
411,22.1,10721,10.0
412,22.7,10296,0.0
413,22.5,10312,5.0
414,22.2,10326,0.0
415,22.0,10611,0.0
416,22.1,10510,7.0
417,22.3,10540,0.0
418,22.2,10362,10.0
419,22.4,10307,0.0
420,22.0,10509,0.0
421,22.0,10404,0.0
422,22.5,10503,2.0
423,22.2,10616,11.0
424,22.2,10577,0.0
425,22.2,10718,11.0
426,22.4,10408,0.0
427,22.4,10509,2.0
428,22.5,10411,0.0
429,22.1,10510,0.0
430,22.2,10616,3.0
431,22.1,10723,0.0
432,22.3,10325,2.0
433,23.0,10300,0.0
434,21.9,10714,0.0
435,21.9,10296,11.0
436,21.9,10662,0.0
437,22.2,10403,10.0
438,22.5,10446,0.0
439,22.4,10326,2.0
440,22.5,10296,0.0
441,22.0,10609,0.0
442,22.2,10703,10.0
443,22.5,10514,0.0
444,22.2,10322,0.0
445,22.2,10329,0.0
446,21.9,10723,6.0
447,22.8,10703,6.0
448,22.5,10416,0.0
449,22.1,10593,0.0
450,21.9,10296,0.0
451,22.2,10403,3.0
452,22.3,10509,6.0
453,21.4,10660,1.0
454,19.4,10296,8.0
455,19.1,10602,0.0
456,18.7,10616,13.0
457,19.2,10576,0.0
458,19.4,10627,0.0
459,19.0,10842,0.0
460,19.0,10379,10.0
461,19.4,10469,0.0
462,19.1,10404,0.0
463,19.3,10511,10.0
464,18.9,10511,3.0
465,19.2,10297,0.0
466,18.9,10330,1.0
467,19.5,10404,9.0
468,19.8,10650,0.0
469,18.9,10467,7.0
470,19.0,10373,0.0
471,18.8,10417,0.0
472,19.3,10297,0.0
473,19.3,10708,0.0
474,18.9,10384,2.0
475,19.3,10301,0.0
476,18.7,10713,0.0
477,19.8,10395,2.0
478,19.4,10367,0.0
479,19.7,10528,10.0
480,19.1,10479,0.0
481,19.0,10482,7.0
482,19.3,10318,0.0
483,19.0,10404,0.0
484,18.9,10404,0.0
485,18.8,10689,0.0
486,18.7,10420,11.0
487,18.9,10419,0.0
488,18.9,10596,0.0
489,19.3,10656,1.0
490,18.9,10305,0.0
491,18.9,10610,0.0
492,18.7,10446,1.0
493,19.0,10297,0.0
494,19.0,10630,0.0
495,18.6,10494,0.0
496,19.1,10310,0.0
497,18.7,10665,0.0
498,19.0,10403,0.0
499,19.0,10385,0.0
500,19.1,10297,2.0
501,18.8,10404,0.0
502,18.7,10409,0.0
503,19.3,10561,0.0
504,18.8,10297,0.0
505,18.9,10671,0.0
506,18.7,10655,12.0
507,18.6,10404,6.0
508,19.0,10688,2.0
509,19.0,10658,6.0
510,19.5,10319,0.0
511,18.8,10511,0.0
512,18.8,10618,9.0
513,19.0,10595,2.0
514,19.0,10391,0.0
515,19.1,10297,11.0
516,18.7,10345,0.0
517,19.1,10624,0.0
518,18.9,10502,10.0
519,19.0,10320,0.0
520,18.9,10297,1.0
521,19.4,10383,10.0
522,24.0,10410,0.0
523,25.1,10612,0.0
524,19.7,10682,1.0
525,19.3,10515,0.0
526,19.0,10707,9.0
527,19.1,10572,0.0
528,19.1,10376,4.0
529,19.8,10351,0.0
530,19.5,10404,2.0
531,19.4,10297,7.0
532,18.8,10570,0.0
533,19.0,10321,2.0
534,19.4,10297,0.0
535,19.0,10511,0.0
536,18.8,10297,0.0
537,18.9,10353,6.0
538,19.6,10299,0.0
539,19.4,10511,2.0
540,18.9,10297,0.0
541,19.0,10599,0.0
542,18.9,10404,5.0
543,19.1,10704,0.0
544,19.2,10418,6.0
545,19.4,10415,0.0
546,19.1,10371,11.0
547,18.9,10349,0.0
548,19.1,10404,0.0
549,19.3,10297,0.0
550,19.1,10704,0.0
551,18.9,10715,7.0
552,21.9,10627,0.0
553,22.4,10698,0.0
554,22.5,10613,0.0
555,22.0,10488,10.0
556,21.9,10385,0.0
557,22.2,10511,8.0
558,22.3,10399,0.0
559,23.0,10655,0.0
560,22.0,10662,10.0
561,22.1,10369,0.0
562,21.9,10489,0.0
563,22.3,10452,0.0
564,22.6,10476,0.0
565,22.1,10566,0.0
566,22.4,10365,0.0
567,22.2,10297,0.0
568,22.4,10404,10.0
569,22.5,10647,0.0
570,22.1,10630,8.0
571,22.1,10438,0.0
572,22.1,10435,9.0
573,22.7,10446,0.0
574,22.3,10404,6.0
575,22.2,10297,0.0
576,22.1,10480,3.0
577,22.0,10725,11.0
578,22.3,10402,0.0
579,22.3,10404,0.0
580,22.5,10382,0.0
581,22.1,10404,3.0
582,22.1,10404,4.0
583,22.3,10530,0.0
584,22.3,10744,0.0
585,22.0,10642,0.0
586,22.0,10484,7.0
587,22.6,10485,0.0
588,22.2,10633,0.0
589,22.4,10385,0.0
590,22.1,10336,0.0
591,22.1,10618,0.0
592,22.2,10297,0.0
593,22.5,10600,0.0
594,22.7,10459,0.0
595,20.0,10330,0.0
596,19.0,10404,0.0
597,19.0,10618,10.0
598,19.1,10568,0.0
599,19.6,10536,10.0
600,19.2,10543,0.0
601,19.7,10379,0.0
602,19.1,10404,11.0
603,19.1,10552,0.0
604,19.4,10589,10.0
605,19.0,10315,0.0
606,18.9,10498,0.0
607,18.7,10725,10.0
608,18.8,10459,0.0
609,19.1,10718,0.0
610,18.8,10607,11.0
611,18.8,10447,0.0
612,19.1,10311,7.0
613,19.0,10424,0.0
614,19.3,10725,1.0
615,19.5,10720,0.0
616,19.0,10370,0.0
617,19.0,10336,10.0
618,18.8,10326,0.0
619,19.7,10297,0.0
620,19.1,10327,0.0
621,18.9,10618,0.0
622,19.6,10297,0.0
623,18.9,10618,0.0
624,19.4,10259,0.0
625,19.4,10415,0.0
626,19.1,10644,8.0
627,19.1,10464,0.0
628,18.9,10296,0.0
629,19.1,10474,11.0
630,20.0,10623,0.0
631,19.3,10363,11.0
632,19.0,10492,0.0
633,18.9,10370,10.0
634,18.9,10325,0.0
635,18.9,10364,0.0
636,19.7,10278,0.0
637,19.6,10575,0.0
638,18.9,10385,0.0
639,19.0,10693,0.0
640,18.9,10669,10.0
641,19.5,10404,0.0
642,19.1,10613,7.0
643,19.2,10659,0.0
644,19.4,10725,11.0
645,19.1,10414,0.0
646,19.3,10511,0.0
647,19.0,10404,0.0
648,19.0,10509,0.0
649,18.9,10617,8.0
650,19.5,10558,0.0
651,19.7,10404,3.0
652,19.1,10326,0.0
653,19.0,10511,7.0
654,19.1,10309,0.0
655,19.3,10725,4.0
656,19.1,10697,6.0
657,18.8,10482,0.0
658,19.5,10722,1.0
659,19.0,10353,0.0
660,19.1,10611,3.0
661,19.3,10618,9.0
662,19.0,10517,0.0
663,18.9,10297,2.0
664,19.1,10297,5.0
665,19.5,10610,0.0
666,19.1,10511,0.0
667,19.0,10404,0.0
668,19.1,10695,0.0
669,18.9,10626,11.0
670,18.9,10404,0.0
671,19.5,10715,0.0
672,19.3,10574,10.0
673,19.1,10514,0.0
674,18.9,10437,0.0
675,19.2,10297,0.0
676,19.7,10725,0.0
677,18.8,10404,0.0
678,19.0,10649,0.0
679,19.4,10500,3.0
680,19.0,10508,0.0
681,19.4,10435,11.0
682,19.0,10551,0.0
683,19.1,10564,4.0
684,19.1,10159,0.0
685,19.9,10506,4.0
686,22.9,10511,10.0
687,21.9,10700,0.0
688,22.0,10595,6.0
689,22.1,10297,0.0
690,22.3,10623,0.0
691,22.2,10354,0.0
692,22.1,10404,11.0
693,22.5,10686,0.0
694,22.1,10619,11.0
695,22.0,10314,0.0
696,22.4,10404,3.0
697,22.3,10297,0.0
698,22.0,10571,0.0
699,22.2,10465,11.0
700,22.3,10404,8.0
701,22.7,10665,0.0
702,22.3,10682,1.0
703,22.2,10620,0.0
704,22.3,10713,11.0
705,22.2,10352,0.0
706,22.5,10335,5.0
707,22.7,10473,0.0
708,22.1,10511,0.0
709,22.2,10404,0.0
710,22.0,10651,0.0
711,22.9,10373,10.0
712,22.1,10329,0.0
713,21.9,10297,10.0
714,22.7,10297,0.0
715,21.9,10724,2.0
716,22.5,10710,0.0
717,22.2,10439,0.0
718,21.9,10372,2.0
719,22.0,10509,1.0
720,22.0,10496,0.0
721,23.3,10419,0.0
722,21.9,10306,0.0
723,22.2,10329,10.0
724,22.3,10538,1.0
725,22.2,10404,4.0
726,22.5,10332,0.0
727,22.4,10511,1.0
728,22.3,10618,11.0
729,21.9,10622,6.0
730,22.3,10695,6.0
731,22.4,10596,0.0
732,22.1,10410,8.0
733,22.1,10442,0.0
734,22.6,10566,10.0
735,22.3,10303,0.0
736,22.3,10553,0.0
737,22.0,10321,7.0
738,22.0,10336,0.0
739,21.9,10613,0.0
740,22.7,10618,12.0
741,22.8,10297,0.0
742,22.1,10404,5.0
743,22.3,10297,0.0
744,22.0,10605,0.0
745,22.2,10691,11.0
746,22.6,10361,0.0
747,22.1,10669,10.0
748,22.4,10303,0.0
749,22.2,10511,0.0
750,22.3,10297,0.0
751,22.5,10671,0.0
752,22.0,10308,10.0
753,22.4,10496,0.0
754,22.1,10432,11.0
755,22.7,10306,0.0
756,22.3,10725,0.0
757,22.0,10605,0.0
758,21.8,10373,0.0
759,22.1,10325,0.0
760,22.0,10404,7.0
761,22.4,10539,0.0
762,22.6,10512,2.0
763,22.2,10300,0.0
764,22.1,10700,6.0
765,22.0,10726,11.0
766,22.8,10665,6.0
767,22.2,10570,0.0
768,22.1,10378,0.0
769,22.2,10492,2.0
770,22.0,10707,1.0
771,22.7,10389,0.0
772,22.2,10298,0.0
773,22.2,10299,10.0
774,22.1,10405,4.0
775,22.0,10620,9.0
776,22.2,10365,0.0
777,23.1,10298,0.0
778,22.1,10513,7.0
779,22.0,10671,0.0
780,22.0,10376,0.0
781,22.3,10336,0.0
782,22.5,10696,0.0
783,22.1,10724,9.0
784,22.3,10586,0.0
785,22.1,10588,9.0
786,22.4,10299,0.0
787,22.3,10695,0.0
788,22.3,10616,0.0
789,22.3,10524,0.0
790,22.1,10698,6.0
791,22.7,10522,0.0
792,22.6,10727,7.0
793,22.1,10406,0.0
794,21.9,10507,0.0
795,21.9,10728,3.0
796,22.3,10368,0.0
797,22.3,10729,0.0
798,22.4,10729,10.0
799,22.0,10340,0.0
800,22.0,10621,6.0
801,22.4,10408,0.0
802,22.4,10605,0.0
803,22.1,10401,8.0
804,22.2,10423,0.0
805,22.3,10373,5.0
806,22.5,10453,0.0
807,22.3,10347,10.0
808,22.3,10367,0.0
809,22.1,10407,1.0
810,21.9,10300,0.0
811,22.7,10407,2.0
812,22.7,10301,0.0
813,22.0,10514,9.0
814,21.8,10407,3.0
815,22.0,10648,0.0
816,22.6,10412,2.0
817,22.2,10489,0.0
818,22.2,10711,0.0
819,22.5,10569,1.0
820,22.0,10328,0.0
821,22.7,10622,0.0
822,22.1,10673,0.0
823,22.1,10309,0.0
824,22.0,10301,0.0
825,22.2,10622,5.0
826,23.3,10514,0.0
827,22.3,10589,11.0
828,21.8,10301,0.0
829,22.0,10729,6.0
830,22.2,10642,7.0
831,22.1,10301,0.0
832,22.4,10408,11.0
833,22.4,10301,6.0
834,22.0,10691,5.0
835,22.5,10716,12.0
836,22.4,10469,0.0
837,22.0,10609,3.0
838,22.1,10339,0.0
839,22.4,10301,0.0
840,22.2,10489,0.0
841,22.2,10587,0.0
842,22.0,10321,8.0
843,22.1,10307,0.0
844,22.1,10515,11.0
845,22.1,10364,0.0
846,22.6,10566,1.0
847,22.3,10516,10.0
848,22.1,10471,0.0
849,22.0,10408,3.0
850,22.4,10301,11.0
851,22.4,10474,0.0
852,21.9,10622,0.0
853,22.5,10301,5.0
854,22.1,10623,0.0
855,21.8,10515,0.0
856,22.5,10301,0.0
857,22.0,10301,2.0
858,22.1,10408,0.0
859,22.1,10511,5.0
860,22.2,10726,2.0
861,22.7,10301,0.0
862,22.0,10687,0.0
863,22.1,10502,0.0
864,22.1,10351,0.0
865,22.2,10729,0.0
866,22.5,10408,0.0
867,22.6,10721,0.0
868,22.1,10609,11.0
869,22.3,10493,1.0
870,22.1,10334,1.0
871,22.6,10301,7.0
872,22.2,10651,0.0
873,22.1,10390,9.0
874,22.6,10458,0.0
875,22.1,10515,0.0
876,22.2,10464,4.0
877,22.1,10625,0.0
878,22.0,10484,6.0
879,22.3,10441,0.0
880,22.2,10395,0.0
881,22.9,10301,0.0
882,22.1,10587,0.0
883,22.0,10729,8.0
884,22.1,10715,0.0
885,22.5,10539,11.0
886,22.4,10301,0.0
887,22.0,10622,0.0
888,22.5,10622,11.0
889,22.3,10677,0.0
890,22.2,10518,0.0
891,22.5,10301,0.0
892,22.1,10622,0.0
893,22.0,10729,9.0
894,22.1,10450,0.0
895,22.3,10585,0.0
896,22.8,10646,11.0
897,22.1,10478,0.0
898,22.0,10397,9.0
899,22.1,10410,0.0
900,22.0,10728,0.0
901,22.7,10734,4.0
902,22.4,10530,0.0
903,22.1,10508,7.0
904,22.1,10354,0.0
905,22.2,10519,0.0
906,22.5,10306,0.0
907,21.9,10519,4.0
908,21.1,10340,0.0
909,21.6,10413,0.0
910,21.0,10627,11.0
911,21.7,10596,0.0
912,22.0,10581,6.0
913,21.9,10306,8.0
914,21.8,10565,2.0
915,21.9,10614,0.0
916,22.5,10317,0.0
917,22.8,10627,11.0
918,21.9,10413,7.0
919,22.1,10717,0.0
920,22.0,10595,1.0
921,22.1,10413,0.0
922,22.3,10413,1.0
923,22.2,10520,8.0
924,22.4,10684,0.0
925,21.9,10524,10.0
926,22.4,10363,0.0
927,22.3,10306,0.0
928,22.0,10413,5.0
929,21.9,10661,0.0
930,22.0,10394,6.0
931,22.8,10336,0.0
932,22.3,10412,0.0
933,22.3,10539,0.0
934,22.2,10626,0.0
935,21.8,10520,4.0
936,22.2,10626,0.0
937,22.8,10604,9.0
938,22.3,10306,0.0
939,21.9,10520,2.0
940,21.7,10456,1.0
941,22.5,10581,0.0
942,22.4,10468,6.0
943,22.1,10463,0.0
944,22.6,10607,1.0
945,22.0,10345,0.0
946,22.4,10413,2.0
947,22.1,10721,8.0
948,21.9,10482,0.0
949,22.0,10626,0.0
950,22.0,10413,6.0
951,23.1,10709,0.0
952,22.2,10546,1.0
953,22.0,10319,0.0
954,22.0,10432,0.0
955,22.1,10432,0.0
956,22.8,10733,1.0
957,22.0,10698,0.0
958,22.6,10454,0.0
959,22.1,10495,11.0
960,22.3,10413,0.0
961,22.3,10576,0.0
962,22.1,10413,0.0
963,21.9,10627,11.0
964,22.1,10562,0.0
965,22.9,10493,0.0
966,22.2,10387,9.0
967,22.1,10675,0.0
968,21.8,10469,3.0
969,21.9,10363,0.0
970,22.2,10733,4.0
971,22.2,10677,8.0
972,22.6,10554,0.0
973,22.2,10375,3.0
974,22.1,10306,0.0
975,22.2,10656,0.0
976,22.3,10330,11.0
977,22.1,10322,0.0
978,22.2,10413,1.0
979,22.3,10408,0.0
980,22.5,10733,0.0
981,22.2,10540,11.0
982,22.0,10382,0.0
983,22.0,10305,0.0
984,21.9,10306,8.0
985,22.2,10493,0.0
986,23.0,10413,0.0
987,22.2,10341,0.0
988,22.0,10566,0.0
989,22.0,10734,1.0
990,22.2,10432,0.0
991,22.3,10388,5.0
992,22.1,10306,0.0
993,22.5,10734,0.0
994,22.2,10508,10.0
995,21.8,10308,0.0
996,22.8,10626,2.0
997,22.2,10306,3.0
998,22.5,10520,0.0
999,22.0,10734,0.0
1000,22.1,10403,0.0
1001,22.8,10387,10.0
1002,22.1,10466,1.0
1003,22.1,10643,7.0
1004,22.0,10316,0.0
1005,22.2,10666,0.0
1006,22.5,10614,10.0
1007,22.6,10516,0.0
1008,22.2,10484,0.0
1009,22.1,10325,0.0
1010,22.4,10520,0.0
1011,22.4,10403,0.0
1012,22.1,10305,1.0
1013,22.0,10365,0.0
1014,22.6,10519,0.0
1015,19.8,10306,0.0
1016,19.3,10420,11.0
1017,18.9,10413,0.0
1018,19.1,10412,8.0
1019,19.0,10313,0.0
1020,19.1,10608,0.0
1021,19.7,10590,0.0
1022,18.9,10316,0.0
1023,19.0,10697,1.0
1024,18.8,10471,0.0
1025,19.2,10349,0.0
1026,19.1,10589,0.0
1027,19.1,10734,7.0
1028,19.6,10681,0.0
1029,18.9,10413,0.0
1030,19.1,10520,0.0
1031,19.3,10642,2.0
1032,19.0,10640,2.0
1033,18.9,10361,0.0
1034,18.9,10317,3.0
1035,19.9,10392,0.0
1036,19.2,10412,0.0
1037,19.1,10413,0.0
1038,19.0,10616,0.0
1039,19.0,10626,9.0
1040,19.3,10509,0.0
1041,19.7,10432,11.0
1042,19.4,10414,0.0
1043,18.8,10305,9.0
1044,19.0,10470,0.0
1045,19.3,10432,0.0
1046,19.3,10305,2.0
1047,18.9,10306,0.0
1048,19.0,10719,0.0
1049,19.2,10688,11.0
1050,19.4,10409,0.0
1051,19.3,10481,0.0
1052,18.9,10650,9.0
1053,18.9,10337,0.0
1054,19.1,10305,0.0
1055,18.9,10413,0.0
1056,19.3,10577,0.0
1057,20.0,10495,9.0
1058,18.9,10306,0.0
1059,18.7,10627,11.0
1060,19.0,10306,0.0
1061,19.5,10588,0.0
1062,18.9,10405,0.0
1063,19.1,10614,0.0
1064,19.3,10462,1.0
1065,18.9,10456,0.0
1066,19.5,10306,11.0
1067,19.0,10352,0.0
1068,18.9,10623,0.0
1069,18.9,10622,10.0
1070,19.2,10453,0.0
1071,19.7,10729,0.0
1072,18.9,10728,10.0
1073,18.8,10529,0.0
1074,18.9,10411,3.0
1075,18.9,10413,0.0
1076,19.4,10734,0.0
1077,19.3,10509,11.0
1078,19.2,10641,0.0
1079,18.8,10714,12.0
1080,19.1,10306,0.0
1081,19.4,10684,0.0
1082,18.8,10335,2.0
1083,18.8,10306,10.0
1084,19.4,10625,0.0
1085,19.3,10391,13.0
1086,19.2,10306,6.0
1087,18.9,10733,0.0
1088,19.0,10509,6.0
1089,18.9,10306,0.0
1090,19.2,10643,0.0
1091,19.7,10353,0.0
1092,18.9,10734,8.0
1093,18.9,10374,0.0
1094,18.9,10305,5.0
1095,19.3,10725,3.0
1096,19.3,10504,0.0
1097,18.9,10306,2.0
1098,19.2,10413,9.0
1099,19.3,10652,0.0
1100,19.1,10330,2.0
1101,19.5,10306,0.0
1102,18.9,10642,0.0
1103,19.0,10539,2.0
1104,19.0,10306,0.0
1105,19.2,10709,0.0
1106,19.8,10482,7.0
1107,22.3,10624,0.0
1108,22.1,10686,10.0
1109,22.2,10445,0.0
1110,22.4,10728,0.0
1111,22.4,10531,4.0
1112,22.5,10520,0.0
1113,22.1,10323,11.0
1114,22.0,10322,0.0
1115,22.3,10706,0.0
1116,22.1,10520,0.0
1117,22.0,10413,0.0
1118,22.1,10696,0.0
1119,22.1,10532,5.0
1120,22.7,10413,0.0
1121,22.5,10649,0.0
1122,22.0,10409,2.0
1123,22.0,10313,0.0
1124,22.0,10306,0.0
1125,22.2,10520,0.0
1126,22.6,10630,0.0
1127,22.6,10355,8.0
1128,22.2,10306,0.0
1129,22.1,10680,0.0
1130,22.2,10371,9.0
1131,22.4,10306,0.0
1132,22.1,10305,2.0
1133,22.0,10411,8.0
1134,22.6,10334,0.0
1135,21.7,10627,1.0
1136,22.6,10306,0.0
1137,22.2,10565,0.0
1138,22.1,10605,11.0
1139,22.2,10390,0.0
1140,22.1,10669,1.0
1141,23.2,10734,9.0
1142,22.0,10365,0.0
1143,22.1,10520,2.0
1144,22.1,10413,0.0
1145,21.9,10431,0.0
1146,22.4,10519,2.0
1147,22.2,10734,0.0
1148,22.4,10716,0.0
1149,22.0,10708,3.0
1150,21.9,10413,9.0
1151,22.6,10623,0.0
1152,20.0,10423,11.0
1153,18.9,10354,0.0
1154,18.9,10627,2.0
1155,19.2,10715,1.0
1156,19.7,10315,0.0
1157,18.9,10306,10.0
1158,19.0,10413,0.0
1159,19.0,10627,2.0
1160,19.0,10306,11.0
1161,19.9,10638,0.0
1162,19.9,10734,1.0
1163,18.9,10357,0.0
1164,18.8,10518,1.0
1165,19.0,10733,7.0
1166,19.4,10341,0.0
1167,19.0,10624,0.0
1168,19.0,10634,0.0
1169,19.4,10311,0.0
1170,18.8,10708,0.0
1171,19.4,10493,1.0
1172,19.5,10488,0.0
1173,19.0,10430,3.0
1174,19.0,10307,0.0
1175,18.9,10568,0.0
1176,19.7,10561,10.0
1177,19.4,10389,0.0
1178,18.9,10413,8.0
1179,19.0,10322,0.0
1180,18.7,10520,1.0
1181,19.4,10306,11.0
1182,19.3,10657,0.0
1183,19.3,10515,1.0
1184,18.9,10306,0.0
1185,18.9,10732,0.0
1186,19.2,10494,1.0
1187,19.2,10585,1.0
1188,19.0,10413,0.0
1189,19.1,10520,0.0
1190,19.5,10413,0.0
1191,19.3,10627,1.0
1192,19.1,10592,1.0
1193,18.8,10335,2.0
1194,18.9,10306,0.0
1195,19.3,10733,0.0
1196,19.2,10667,11.0
1197,19.5,10671,0.0
1198,19.0,10643,2.0
1199,19.0,10396,0.0
1200,19.3,10413,2.0
1201,19.2,10520,0.0
1202,18.9,10585,0.0
1203,18.9,10660,11.0
1204,19.4,10479,0.0
1205,19.1,10362,0.0
1206,19.2,10306,0.0
1207,19.0,10520,6.0
1208,19.1,10349,0.0
1209,18.8,10494,0.0
1210,19.5,10624,11.0
1211,19.3,10488,0.0
1212,18.8,10456,9.0
1213,19.1,10352,0.0
1214,18.8,10341,1.0
1215,19.3,10312,0.0
1216,19.6,10734,0.0
1217,19.4,10734,7.0
1218,19.0,10548,0.0
1219,18.8,10541,0.0
1220,19.0,10306,0.0
1221,19.6,10668,0.0
1222,19.0,10542,2.0
1223,18.9,10416,0.0
1224,19.4,10541,9.0
1225,19.4,10354,0.0
1226,19.3,10452,0.0
1227,18.8,10400,0.0
1228,17.9,10305,3.0
1229,18.1,10306,0.0
1230,19.3,10720,0.0
1231,19.8,10647,10.0
1232,18.9,10326,0.0
1233,18.9,10520,0.0
1234,18.9,10413,1.0
1235,19.3,10654,0.0
1236,18.5,10647,4.0
1237,18.9,10349,0.0
1238,19.5,10727,0.0
1239,18.6,10729,9.0
1240,19.5,10498,0.0
1241,19.5,10337,11.0
1242,22.0,10411,0.0
1243,22.0,10353,2.0
1244,22.1,10426,0.0
1245,23.2,10733,0.0
1246,22.1,10306,0.0
1247,22.0,10326,6.0
1248,22.1,10367,0.0
1249,22.3,10369,5.0
1250,22.5,10306,10.0
1251,22.2,10615,0.0
1252,22.4,10723,10.0
1253,21.9,10471,0.0
1254,22.3,10520,6.0
1255,22.7,10400,6.0
1256,22.2,10633,0.0
1257,22.1,10422,7.0
1258,22.2,10387,0.0
1259,22.8,10603,0.0
1260,22.3,10734,10.0
1261,22.1,10499,0.0
1262,22.2,10424,2.0
1263,22.1,10451,0.0
1264,22.3,10510,5.0
1265,22.3,10323,0.0
1266,22.5,10644,11.0
1267,22.1,10330,0.0
1268,22.0,10525,12.0
1269,22.3,10393,0.0
1270,22.5,10627,2.0
1271,22.1,10306,7.0
1272,22.2,10645,0.0
1273,22.4,10527,3.0
1274,22.4,10316,0.0
1275,22.5,10462,0.0
1276,22.1,10734,10.0
1277,22.1,10460,0.0
1278,22.0,10343,11.0
1279,22.5,10306,0.0
1280,22.8,10586,0.0
1281,22.1,10627,8.0
1282,22.1,10497,0.0
1283,22.0,10485,4.0
1284,22.4,10310,0.0
1285,22.4,10734,0.0
1286,22.2,10380,0.0
1287,22.5,10681,10.0
1288,22.0,10710,9.0
1289,22.4,10373,0.0
1290,22.3,10520,0.0
1291,21.9,10409,0.0
1292,22.1,10678,0.0
1293,22.0,10713,12.0
1294,22.8,10342,0.0
1295,22.3,10734,0.0
1296,22.0,10413,0.0
1297,22.1,10702,0.0
1298,22.0,10492,9.0
1299,22.7,10413,0.0
1300,22.4,10646,0.0
1301,22.4,10400,4.0
1302,22.1,10414,0.0
1303,21.9,10627,0.0
1304,22.4,10596,0.0
1305,22.5,10306,0.0
1306,21.8,10520,0.0
1307,22.1,10307,0.0
1308,22.2,10617,0.0
1309,22.2,10608,11.0
1310,22.2,10306,0.0
1311,22.4,10627,6.0
1312,22.2,10413,9.0
1313,22.2,10720,0.0
1314,22.5,10563,3.0
1315,22.8,10306,0.0
1316,22.0,10730,5.0
1317,22.0,10726,11.0
1318,22.1,10557,0.0
1319,22.2,10306,0.0
1320,22.3,10306,0.0
1321,22.1,10717,0.0
1322,22.2,10391,9.0
1323,22.2,10530,0.0
1324,22.2,10733,0.0
1325,22.2,10734,5.0
1326,22.0,10389,0.0
1327,22.0,10413,0.0
1328,22.2,10306,7.0
1329,22.4,10432,0.0
1330,22.6,10357,11.0
1331,22.1,10384,0.0
1332,21.9,10413,2.0
1333,22.1,10413,0.0
1334,22.1,10597,0.0
1335,22.7,10376,10.0
1336,22.5,10306,0.0
1337,22.2,10413,0.0
1338,22.1,10413,11.0
1339,21.9,10506,0.0
1340,22.6,10412,0.0
1341,22.2,10395,0.0
1342,22.3,10696,0.0
1343,22.2,10625,3.0
1344,21.8,10329,0.0
1345,22.8,10519,0.0
1346,22.1,10413,0.0
1347,22.1,10520,0.0
1348,22.0,10408,0.0
1349,22.3,10535,2.0
1350,22.9,10418,0.0
1351,22.2,10369,0.0
1352,22.0,10520,0.0
1353,22.2,10306,0.0
1354,21.9,10377,0.0
1355,22.5,10413,0.0
1356,22.1,10306,0.0
1357,22.6,10466,0.0
1358,22.0,10734,9.0
1359,21.9,10325,0.0
1360,22.7,10722,0.0
1361,22.2,10726,0.0
1362,21.9,10332,0.0
1363,22.1,10413,0.0
1364,22.4,10734,0.0
1365,22.5,10682,0.0
1366,22.4,10476,0.0
1367,22.1,10727,11.0
1368,22.0,10696,9.0
1369,22.0,10484,0.0
1370,22.8,10441,5.0
1371,22.2,10499,0.0
1372,22.2,10582,1.0
1373,22.2,10554,0.0
1374,22.1,10336,0.0
1375,22.6,10479,0.0
1376,22.1,10734,10.0
1377,21.9,10326,0.0
1378,22.5,10520,1.0
1379,22.2,10413,11.0
1380,22.5,10681,0.0
1381,22.2,10531,12.0
1382,22.0,10467,2.0
1383,22.0,10716,10.0
1384,22.5,10383,0.0
1385,23.0,10397,11.0
1386,21.9,10444,0.0
1387,21.9,10653,10.0
1388,22.2,10564,0.0
1389,22.2,10413,0.0
1390,22.2,10520,0.0
1391,22.6,10698,0.0
1392,22.3,10560,1.0
1393,21.9,10477,0.0
1394,22.3,10306,0.0
1395,22.5,10627,10.0
1396,22.1,10473,0.0
1397,22.2,10349,3.0
1398,22.5,10416,0.0
1399,22.5,10659,0.0
1400,22.2,10306,6.0
1401,22.1,10437,0.0
1402,22.1,10695,0.0
1403,22.2,10724,2.0
1404,22.1,10361,0.0
1405,22.6,10478,7.0
1406,22.6,10323,0.0
1407,22.0,10413,0.0
1408,22.0,10306,0.0
1409,22.4,10656,0.0
1410,22.4,10715,7.0
1411,22.0,10601,0.0
1412,22.5,10657,9.0
1413,22.3,10685,0.0
1414,22.3,10359,11.0
1415,22.5,10395,0.0
1416,22.2,10471,11.0
1417,21.6,10306,0.0
1418,22.0,10627,0.0
1419,22.8,10593,9.0
1420,22.4,10412,0.0
1421,22.1,10496,11.0
1422,22.0,10531,0.0
1423,21.8,10627,0.0
1424,22.0,10337,5.0
1425,22.4,10467,0.0
1426,22.4,10448,4.0
1427,22.2,10335,0.0
1428,21.9,10413,0.0
1429,22.3,10325,0.0
1430,22.5,10597,0.0
1431,22.0,10676,6.0
1432,22.1,10677,0.0
1433,22.4,10467,10.0
1434,22.5,10306,0.0
1435,22.2,10413,2.0
1436,22.0,10306,0.0
1437,22.1,10520,0.0
1438,22.0,10414,0.0
1439,22.8,10661,0.0
1440,22.6,10652,8.0
1441,21.9,10570,0.0
1442,22.2,10306,0.0
1443,21.8,10413,8.0
1444,22.9,10615,0.0
1445,22.2,10597,2.0
1446,22.1,10345,0.0
1447,22.4,10520,0.0
1448,22.1,10520,0.0
1449,22.6,10658,0.0
1450,22.0,10706,1.0
1451,22.0,10423,0.0
1452,22.1,10734,3.0
1453,22.3,10338,0.0
1454,22.8,10520,4.0
1455,22.0,10387,6.0
1456,21.9,10618,0.0
1457,22.1,10474,1.0
1458,22.4,10359,0.0
1459,22.4,10362,2.0
1460,22.2,10331,0.0
1461,22.4,10413,0.0
1462,22.0,10321,0.0
1463,22.1,10683,0.0
1464,22.4,10479,9.0
1465,22.2,10544,0.0
1466,22.0,10483,1.0
1467,22.2,10475,0.0
1468,22.8,10627,10.0
1469,22.5,10394,0.0
1470,22.3,10627,5.0
1471,22.1,10394,10.0
1472,22.0,10699,0.0
1473,22.5,10386,11.0
1474,22.5,10371,0.0
1475,22.5,10403,11.0
1476,22.1,10454,0.0
1477,22.0,10606,0.0
1478,22.4,10627,3.0
1479,22.5,10325,0.0
1480,22.0,10520,0.0
1481,23.2,10306,0.0
1482,22.5,10627,0.0
1483,22.2,10642,0.0
1484,22.4,10405,0.0
1485,22.1,10611,11.0
1486,22.3,10458,0.0
1487,22.0,10343,12.0
1488,22.3,10314,0.0
1489,23.2,10634,6.0
1490,21.9,10503,4.0
1491,22.0,10407,0.0
1492,22.0,10336,0.0
1493,22.3,10399,6.0
1494,22.3,10349,0.0
1495,22.1,10618,0.0
1496,22.5,10704,10.0
1497,22.0,10431,0.0
1498,22.3,10413,3.0
1499,22.4,10413,10.0
1500,22.3,10665,1.0
1501,21.9,10478,0.0
1502,22.1,10357,0.0
1503,22.8,10413,3.0
1504,22.3,10734,0.0
1505,22.0,10734,3.0
1506,21.9,10585,11.0
1507,22.0,10317,0.0
1508,22.4,10306,11.0
1509,22.5,10306,0.0
1510,22.5,10709,0.0
1511,22.1,10514,4.0
1512,22.0,10566,0.0
1513,22.6,10500,8.0
1514,22.3,10647,0.0
1515,21.2,10589,11.0
1516,22.3,10469,0.0
1517,22.5,10413,0.0
1518,22.4,10306,11.0
1519,22.6,10671,0.0
1520,22.1,10703,0.0
1521,22.2,10493,0.0
1522,21.4,10550,3.0
1523,22.4,10391,0.0
1524,23.2,10413,4.0
1525,22.1,10413,0.0
1526,22.1,10734,0.0
1527,22.1,10689,10.0
1528,22.2,10319,1.0
1529,22.5,10448,0.0
1530,22.3,10333,0.0
1531,22.5,10306,1.0
1532,22.0,10417,0.0
1533,22.3,10599,0.0
1534,22.4,10306,11.0
1535,22.1,10330,0.0
1536,21.9,10510,0.0
1537,22.1,10734,11.0
1538,22.7,10495,0.0
1539,22.4,10306,2.0
1540,22.0,10318,0.0
1541,22.1,10716,0.0
1542,22.2,10717,3.0
1543,22.1,10325,0.0
1544,22.4,10494,0.0
1545,22.7,10422,0.0
1546,21.9,10308,0.0
1547,22.0,10520,0.0
1548,22.1,10476,11.0
1549,22.5,10371,0.0
1550,22.0,10413,3.0
1551,22.1,10413,0.0
1552,22.6,10520,0.0
1553,22.3,10306,5.0
1554,22.5,10734,0.0
1555,22.0,10472,5.0
1556,22.4,10320,0.0
1557,21.9,10520,0.0
1558,22.4,10306,8.0
1559,23.2,10720,0.0
1560,22.0,10392,0.0
1561,22.2,10628,0.0
1562,22.0,10601,6.0
1563,22.4,10315,0.0
1564,22.6,10413,1.0
1565,22.3,10306,0.0
1566,20.3,10602,0.0
1567,18.8,10734,0.0
1568,19.0,10527,1.0
1569,19.5,10551,11.0
1570,19.0,10636,0.0
1571,19.0,10622,2.0
1572,19.3,10306,9.0
1573,19.8,10646,0.0
1574,18.9,10419,9.0
1575,18.9,10438,0.0
1576,18.9,10429,8.0
1577,19.1,10306,0.0
1578,19.2,10627,2.0
1579,19.0,10707,0.0
1580,19.5,10330,0.0
1581,19.0,10306,0.0
1582,19.0,10306,0.0
1583,19.4,10627,0.0
1584,19.1,10734,11.0
1585,18.9,10602,0.0
1586,19.1,10412,10.0
1587,19.4,10539,0.0
1588,19.4,10337,6.0
1589,18.8,10306,0.0
1590,19.0,10413,0.0
1591,18.9,10306,0.0
1592,18.8,10556,0.0
1593,19.7,10670,0.0
1594,19.5,10579,0.0
1595,18.9,10354,11.0
1596,18.9,10336,0.0
1597,18.9,10716,0.0
1598,19.4,10487,4.0
1599,19.2,10306,8.0
1600,19.0,10734,0.0
1601,19.4,10487,5.0
1602,19.3,10423,0.0
1603,19.1,10686,2.0
1604,18.9,10432,2.0
1605,19.2,10306,5.0
1606,18.8,10611,0.0
1607,19.3,10413,0.0
1608,19.8,10631,6.0
1609,19.1,10628,0.0
1610,18.9,10476,10.0
1611,18.7,10414,0.0
1612,19.2,10688,0.0
1613,19.3,10626,11.0
1614,18.9,10314,0.0
1615,19.5,10306,0.0
1616,18.7,10306,0.0
1617,19.1,10704,0.0
1618,19.3,10475,10.0
1619,18.8,10324,0.0
1620,18.9,10413,0.0
1621,19.0,10425,0.0
1622,19.5,10597,0.0
1623,19.3,10409,3.0
1624,18.9,10306,0.0
1625,19.0,10627,4.0
1626,19.2,10306,0.0
1627,19.2,10648,0.0
1628,19.1,10351,8.0
1629,19.6,10619,0.0
1630,19.0,10520,3.0
1631,18.8,10413,8.0
1632,19.2,10592,0.0
1633,19.3,10509,10.0
1634,19.0,10704,0.0
1635,18.8,10516,10.0
1636,19.4,10397,0.0
1637,19.2,10471,3.0
1638,19.1,10310,0.0
1639,18.9,10337,2.0
1640,19.0,10309,0.0
1641,19.0,10306,4.0
1642,19.4,10306,5.0
1643,19.6,10635,0.0
1644,19.0,10595,11.0
1645,19.1,10399,0.0
1646,18.9,10487,11.0
1647,19.3,10306,0.0
1648,19.4,10521,0.0
1649,19.1,10463,1.0
1650,19.4,10335,0.0
1651,18.9,10306,0.0
1652,19.2,10413,5.0
1653,19.2,10628,0.0
1654,18.9,10418,7.0
1655,18.8,10306,0.0
1656,19.0,10520,11.0
1657,19.5,10413,0.0
1658,21.8,10435,0.0
1659,22.1,10446,0.0
1660,22.0,10396,0.0
1661,22.3,10413,0.0
1662,22.2,10627,11.0
1663,22.3,10467,0.0
1664,22.3,10306,11.0
1665,22.0,10306,0.0
1666,22.0,10729,0.0
1667,22.3,10445,8.0
1668,22.6,10306,0.0
1669,22.1,10520,0.0
1670,22.2,10520,5.0
1671,22.4,10594,0.0
1672,22.3,10627,0.0
1673,22.1,10584,9.0
1674,22.1,10313,0.0
1675,22.1,10626,0.0
1676,21.9,10661,7.0
1677,22.2,10306,0.0
1678,22.8,10694,0.0
1679,22.2,10688,3.0
1680,21.9,10578,0.0
1681,22.0,10715,10.0
1682,22.3,10565,0.0
1683,22.4,10413,7.0
1684,21.9,10306,0.0
1685,22.8,10568,0.0
1686,21.9,10559,4.0
1687,22.2,10416,0.0
1688,22.3,10306,10.0
1689,22.4,10306,4.0
1690,22.2,10708,0.0
1691,22.1,10611,0.0
1692,22.9,10345,0.0
1693,22.3,10413,2.0
1694,22.1,10413,8.0
1695,22.2,10627,0.0
1696,22.0,10435,0.0
1697,22.3,10413,0.0
1698,22.4,10506,0.0
1699,22.5,10697,6.0
1700,22.1,10524,0.0
1701,22.2,10475,1.0
1702,22.1,10306,5.0
1703,22.5,10718,0.0
1704,22.1,10688,8.0
1705,22.2,10507,0.0
1706,22.5,10413,3.0
1707,21.1,10680,7.0
1708,19.4,10688,0.0
1709,19.0,10328,0.0
1710,19.3,10420,0.0
1711,18.6,10413,2.0
1712,19.2,10627,7.0
1713,20.0,10522,0.0
1714,18.9,10395,0.0
1715,18.9,10318,0.0
1716,18.8,10514,0.0
1717,19.2,10622,6.0
1718,19.4,10490,0.0
1719,19.1,10520,0.0
1720,19.3,10513,0.0
1721,18.8,10557,0.0
1722,19.1,10369,3.0
1723,19.4,10388,0.0
1724,19.0,10703,0.0
1725,18.9,10410,0.0
1726,19.0,10309,0.0
1727,19.8,10627,7.0
1728,19.5,10320,0.0
1729,18.7,10660,0.0
1730,19.0,10507,0.0
1731,19.2,10598,0.0
1732,19.1,10667,3.0
1733,19.4,10306,0.0
1734,19.5,10520,2.0
1735,19.0,10306,0.0
1736,18.8,10682,0.0
1737,19.0,10518,7.0
1738,19.3,10413,0.0
1739,18.9,10413,11.0
1740,18.9,10306,0.0
1741,19.4,10697,0.0
1742,19.1,10681,4.0
1743,19.3,10359,0.0
1744,18.9,10430,7.0
1745,19.0,10344,0.0
1746,18.9,10483,0.0
1747,19.3,10345,0.0
1748,19.9,10627,1.0
1749,19.0,10306,6.0
1750,18.9,10723,0.0
1751,19.0,10719,0.0
1752,19.2,10306,0.0
1753,19.3,10507,0.0
1754,18.9,10369,7.0
1755,19.7,10413,5.0
1756,18.8,10590,0.0
1757,19.2,10612,10.0
1758,19.1,10310,0.0
1759,19.0,10734,0.0
1760,19.0,10306,4.0
1761,18.9,10716,0.0
1762,19.9,10306,8.0
1763,19.2,10318,0.0
1764,19.0,10627,0.0
1765,19.0,10413,9.0
1766,18.9,10685,0.0
1767,19.2,10445,0.0
1768,19.4,10417,0.0
1769,19.4,10627,0.0
1770,19.0,10731,10.0
1771,19.2,10462,0.0
1772,19.0,10306,5.0
1773,19.4,10413,0.0
1774,19.0,10670,0.0
1775,19.0,10498,0.0
1776,19.4,10306,0.0
1777,19.2,10723,0.0
1778,19.3,10489,10.0
1779,18.9,10306,0.0
1780,19.0,10520,0.0
1781,19.0,10684,2.0
1782,19.2,10306,0.0
1783,19.9,10711,0.0
1784,18.8,10598,2.0
1785,19.1,10435,0.0
1786,19.0,10359,5.0
1787,19.2,10413,0.0
1788,19.3,10682,0.0
1789,19.0,10609,6.0
1790,19.8,10544,0.0
1791,19.1,10531,11.0
1792,19.6,10309,0.0
1793,19.5,10715,0.0
1794,19.1,10306,0.0
1795,19.0,10676,2.0
1796,19.0,10363,0.0
1797,19.7,10413,0.0
1798,22.3,10306,0.0
1799,22.1,10651,0.0
1800,22.1,10449,6.0
1801,22.0,10345,0.0
1802,22.4,10627,0.0
1803,22.7,10520,0.0
1804,22.5,10441,0.0
1805,22.0,10605,3.0
1806,21.8,10306,0.0
1807,22.4,10677,0.0
1808,22.5,10691,10.0
1809,22.0,10409,0.0
1810,22.2,10324,9.0
1811,22.4,10413,0.0
1812,22.4,10461,0.0
1813,22.6,10359,0.0
1814,22.3,10413,2.0
1815,22.2,10306,0.0
1816,22.0,10661,0.0
1817,22.5,10428,0.0
1818,22.8,10306,0.0
1819,22.0,10694,0.0
1820,22.0,10661,0.0
1821,22.2,10561,0.0
1822,22.3,10542,5.0
1823,22.3,10306,5.0
1824,22.2,10650,0.0
1825,22.7,10597,0.0
1826,21.8,10361,0.0
1827,22.1,10726,0.0
1828,22.5,10734,11.0
1829,21.8,10506,0.0
1830,21.4,10306,3.0
1831,21.9,10306,0.0
1832,22.9,10734,0.0
1833,22.5,10520,10.0
1834,21.9,10523,0.0
1835,22.0,10351,11.0
1836,22.0,10306,0.0
1837,22.4,10664,0.0
1838,22.0,10520,5.0
1839,22.7,10517,0.0
1840,21.9,10520,10.0
1841,21.9,10413,0.0
1842,22.4,10649,0.0
1843,22.4,10508,11.0
1844,22.0,10529,0.0
1845,22.1,10405,0.0
1846,22.6,10475,2.0
1847,22.7,10568,0.0
1848,22.0,10502,0.0
1849,21.9,10608,0.0
1850,22.1,10647,1.0
1851,21.9,10306,0.0
1852,22.5,10657,0.0
1853,22.6,10490,10.0
1854,22.1,10492,0.0
1855,22.1,10558,0.0
1856,22.3,10423,0.0
1857,22.8,10627,0.0
1858,22.0,10685,5.0
1859,22.2,10563,0.0
1860,22.4,10424,0.0
1861,22.1,10306,7.0
1862,22.5,10616,0.0
1863,21.9,10348,8.0
1864,22.2,10389,0.0
1865,22.0,10327,11.0
1866,22.3,10306,0.0
1867,22.6,10616,0.0
1868,22.2,10627,11.0
1869,22.2,10711,0.0
1870,21.9,10550,9.0
1871,22.1,10317,0.0
1872,22.6,10516,0.0
1873,22.2,10443,9.0
1874,22.4,10401,0.0
1875,22.0,10413,0.0
1876,21.8,10520,7.0
1877,22.4,10581,0.0
1878,22.4,10530,10.0
1879,22.2,10452,0.0
1880,22.4,10351,4.0
1881,22.4,10425,0.0
1882,21.8,10608,3.0
1883,22.3,10734,0.0
1884,22.5,10306,5.0
1885,22.0,10702,1.0
1886,22.0,10679,8.0
1887,22.1,10578,0.0
1888,22.6,10333,6.0
1889,22.4,10306,10.0
1890,22.1,10580,4.0
1891,22.1,10317,0.0
1892,21.9,10479,0.0
1893,22.6,10444,0.0
1894,22.7,10306,0.0
1895,22.3,10627,0.0
1896,22.1,10409,8.0
1897,22.0,10590,0.0
1898,22.4,10306,0.0
1899,22.7,10720,0.0
1900,22.1,10627,10.0
1901,22.7,10651,0.0
1902,22.2,10445,0.0
1903,22.4,10306,6.0
1904,22.5,10584,0.0
1905,22.2,10340,2.0
1906,22.1,10306,0.0
1907,21.9,10683,0.0
1908,22.7,10413,0.0
1909,22.6,10734,11.0
1910,22.0,10629,0.0
1911,21.9,10348,5.0
1912,22.0,10306,0.0
1913,22.2,10601,0.0
1914,22.3,10500,0.0
1915,22.4,10316,0.0
1916,22.1,10679,0.0
1917,22.0,10306,0.0
1918,22.4,10601,0.0
1919,22.5,10376,0.0
1920,22.1,10339,0.0
1921,22.0,10579,10.0
1922,22.3,10520,0.0
1923,22.5,10708,0.0
1924,22.4,10676,11.0
1925,22.1,10626,0.0
1926,22.0,10413,0.0
1927,22.1,10306,0.0
1928,22.4,10617,2.0
1929,22.9,10403,6.0
1930,22.0,10609,0.0
1931,22.0,10703,6.0
1932,22.0,10520,4.0
1933,22.5,10520,10.0
1934,22.5,10709,0.0
1935,22.1,10608,6.0
1936,22.5,10469,0.0
1937,21.9,10408,2.0
1938,22.3,10413,0.0
1939,22.5,10607,5.0
1940,22.2,10520,8.0
1941,22.2,10593,0.0
1942,22.4,10525,0.0
1943,22.6,10306,0.0
1944,22.4,10596,0.0
1945,22.1,10514,1.0
1946,22.0,10352,0.0
1947,21.8,10349,1.0
1948,22.4,10306,0.0
1949,22.5,10520,0.0
1950,22.5,10413,0.0
1951,21.9,10641,0.0
1952,21.8,10468,0.0
1953,22.3,10306,0.0
1954,22.5,10520,8.0
1955,22.0,10520,9.0
1956,21.9,10505,0.0
1957,22.2,10611,0.0
1958,22.2,10540,9.0
1959,22.4,10552,0.0
1960,22.2,10538,11.0
1961,21.8,10306,0.0
1962,21.9,10615,0.0
1963,22.3,10411,0.0
1964,23.2,10392,0.0
1965,22.1,10306,0.0
1966,21.9,10306,0.0
1967,21.9,10641,0.0
1968,22.2,10355,0.0
1969,22.5,10404,0.0
1970,22.1,10347,1.0
1971,22.6,10306,0.0
1972,21.8,10725,0.0
1973,22.1,10712,11.0
1974,22.5,10695,0.0
1975,22.0,10592,2.0
1976,21.9,10306,0.0
1977,21.9,10647,0.0
1978,22.7,10520,6.0
1979,22.5,10306,0.0
1980,22.1,10605,0.0
1981,22.1,10442,7.0
1982,21.7,10413,11.0
1983,22.4,10572,0.0
1984,22.6,10419,3.0
1985,22.7,10436,0.0
1986,21.9,10324,3.0
1987,21.9,10413,10.0
1988,22.4,10679,0.0
1989,22.6,10475,0.0
1990,21.9,10481,0.0
1991,22.2,10306,11.0
1992,22.5,10308,0.0
1993,22.2,10668,0.0
1994,22.5,10464,11.0
1995,22.1,10343,0.0
1996,22.1,10413,10.0
1997,21.9,10413,12.0
1998,22.5,10623,0.0
1999,23.0,10463,0.0
2000,22.1,10356,0.0
2001,22.1,10520,0.0
2002,22.0,10734,8.0
2003,22.2,10590,0.0
2004,22.4,10358,5.0
2005,22.2,10306,0.0
2006,22.5,10645,0.0
2007,21.9,10425,0.0
2008,22.2,10306,0.0
2009,22.5,10627,1.0
2010,22.2,10413,0.0
2011,22.1,10520,1.0
2012,22.1,10378,6.0
2013,22.9,10709,0.0
2014,22.4,10513,0.0
2015,22.1,10356,0.0
2016,22.0,10627,1.0
2017,22.0,10721,11.0
2018,22.5,10643,0.0
2019,22.2,10435,0.0
2020,22.5,10381,0.0
2021,22.0,10367,7.0
2022,21.9,10306,0.0
2023,22.3,10616,0.0
2024,22.6,10503,2.0
2025,22.2,10412,0.0
2026,22.0,10469,11.0
2027,22.5,10468,0.0
2028,22.5,10643,0.0
2029,22.4,10429,1.0
2030,22.1,10360,0.0
2031,21.9,10596,0.0
2032,21.9,10429,9.0
2033,22.4,10398,0.0
2034,22.6,10400,11.0
2035,22.2,10469,0.0
2036,21.9,10413,0.0
2037,22.0,10306,4.0
2038,22.4,10622,0.0
2039,22.7,10568,1.0
2040,22.2,10333,0.0
2041,22.7,10306,5.0
2042,22.0,10306,8.0
2043,22.2,10469,0.0
2044,22.4,10425,9.0
2045,22.2,10465,0.0
2046,22.0,10306,6.0
2047,22.0,10274,0.0
2048,23.2,10564,0.0
2049,22.3,10413,0.0
2050,22.0,10626,0.0
2051,22.2,10674,11.0
2052,22.0,10306,5.0
2053,22.2,10385,0.0
2054,22.7,10413,0.0
2055,22.6,10306,5.0
2056,21.8,10685,0.0
2057,21.9,10490,7.0
2058,22.3,10346,0.0
2059,22.5,10306,1.0
2060,22.1,10413,10.0
2061,22.2,10612,0.0
2062,22.5,10473,0.0
2063,22.3,10599,0.0
2064,22.5,10366,6.0
2065,22.1,10388,0.0
2066,22.2,10530,1.0
2067,22.0,10371,0.0
2068,22.3,10592,0.0
2069,22.9,10612,8.0
2070,22.1,10644,0.0
2071,22.2,10602,0.0
2072,22.0,10314,0.0
2073,22.4,10682,0.0
2074,22.5,10513,8.0
2075,21.9,10447,0.0
2076,22.3,10432,7.0
2077,21.9,10627,7.0
2078,22.7,10499,0.0
2079,22.4,10583,10.0
2080,22.1,10407,0.0
2081,22.0,10413,2.0
2082,22.0,10388,0.0
2083,23.3,10595,2.0
2084,22.0,10389,11.0
2085,22.1,10626,0.0
2086,22.0,10404,11.0
2087,21.9,10372,0.0
2088,22.7,10413,0.0
2089,22.2,10306,6.0
2090,22.5,10622,0.0
2091,22.1,10392,6.0
2092,21.9,10614,0.0
2093,22.8,10368,4.0
2094,22.4,10358,0.0
2095,22.1,10427,11.0
2096,22.3,10374,0.0
2097,22.3,10520,0.0
2098,22.5,10306,4.0
2099,21.8,10670,0.0
2100,22.1,10372,11.0
2101,22.0,10339,0.0
2102,21.8,10306,3.0
2103,22.8,10306,0.0
2104,22.8,10413,0.0
2105,22.1,10306,4.0
2106,22.1,10626,3.0
2107,22.1,10495,0.0
2108,22.3,10376,0.0
2109,22.5,10734,0.0
2110,22.2,10720,11.0
2111,22.6,10391,0.0
2112,22.0,10335,0.0
2113,22.4,10345,0.0
2114,22.6,10561,2.0
2115,21.9,10539,0.0
2116,22.0,10394,0.0
2117,22.0,10413,0.0
2118,22.9,10306,10.0
2119,22.4,10577,0.0
2120,22.0,10360,0.0
2121,21.6,10319,0.0
2122,18.8,10318,5.0
2123,19.3,10306,0.0
2124,19.3,10674,0.0
2125,19.3,10558,2.0
2126,19.1,10599,0.0
2127,18.9,10413,0.0
2128,19.5,10306,0.0
2129,19.3,10490,0.0
2130,18.9,10705,10.0
2131,19.2,10606,0.0
2132,19.2,10306,11.0
2133,19.3,10625,1.0
2134,18.8,10734,8.0
2135,19.1,10724,0.0
2136,18.9,10705,11.0
2137,18.9,10324,0.0
2138,19.8,10413,0.0
2139,19.1,10413,0.0
2140,18.9,10618,0.0
2141,18.8,10306,1.0
2142,18.9,10306,9.0
2143,19.7,10609,0.0
2144,19.2,10409,0.0
2145,19.2,10459,0.0
2146,19.1,10435,0.0
2147,18.7,10306,0.0
2148,18.7,10570,0.0
2149,18.1,10647,6.0
2150,19.0,10327,0.0
2151,19.1,10413,5.0
2152,19.0,10413,11.0
2153,19.8,10595,0.0
2154,19.3,10679,0.0
2155,18.9,10394,0.0
2156,18.7,10520,2.0
2157,18.2,10520,0.0
2158,19.4,10714,0.0
2159,19.3,10628,0.0
2160,19.5,10541,0.0
2161,18.9,10466,11.0
2162,18.6,10354,0.0
2163,19.6,10700,0.0
2164,19.2,10699,7.0
2165,19.0,10651,0.0
2166,19.1,10517,0.0
2167,19.0,10306,0.0
2168,19.7,10701,0.0
2169,18.9,10585,4.0
2170,19.1,10405,0.0
2171,18.9,10306,7.0
2172,19.1,10413,0.0
2173,19.9,10671,6.0
2174,19.1,10723,1.0
2175,19.0,10636,0.0
2176,18.7,10339,0.0
2177,18.8,10413,0.0
2178,19.6,10520,2.0
2179,19.0,10413,0.0
2180,19.2,10723,0.0
2181,19.0,10557,10.0
2182,18.8,10413,0.0
2183,19.6,10703,1.0
2184,19.0,10529,5.0
2185,18.9,10357,0.0
2186,18.9,10627,0.0
2187,19.2,10627,0.0
2188,19.8,10595,1.0
2189,19.1,10634,8.0
2190,19.1,10519,0.0
2191,19.0,10311,0.0
2192,18.9,10490,0.0
2193,19.4,10514,0.0
2194,19.6,10319,11.0
2195,18.8,10322,0.0
2196,18.9,10584,0.0
2197,19.1,10336,0.0
2198,19.2,10413,0.0
2199,19.1,10306,8.0
2200,19.1,10612,0.0
2201,19.4,10439,5.0
2202,19.0,10306,0.0
2203,19.3,10623,0.0
2204,19.0,10520,0.0
2205,19.3,10636,0.0
2206,19.5,10538,11.0
2207,18.8,10306,7.0
2208,19.9,10485,0.0
2209,19.0,10592,11.0
2210,18.9,10393,0.0
2211,18.8,10372,5.0
2212,19.2,10306,0.0
2213,19.3,10649,3.0
2214,18.8,10343,10.0
2215,19.4,10493,0.0
2216,18.9,10432,11.0
2217,19.2,10311,0.0
2218,19.2,10540,0.0
2219,19.1,10479,2.0
2220,19.0,10456,0.0
2221,19.0,10306,2.0
2222,20.2,10726,11.0
2223,22.1,10418,0.0
2224,22.1,10618,1.0
2225,22.0,10413,8.0
2226,22.2,10611,0.0
2227,22.5,10626,0.0
2228,22.2,10504,9.0
2229,21.7,10660,0.0
2230,20.7,10529,10.0
2231,20.9,10381,0.0
2232,21.2,10354,10.0
2233,22.4,10329,0.0
2234,22.1,10504,0.0
2235,22.2,10501,9.0
2236,22.4,10562,0.0
2237,22.3,10520,0.0
2238,22.4,10413,0.0
2239,22.2,10732,0.0
2240,22.2,10452,0.0
2241,22.0,10491,0.0
2242,22.6,10336,12.0
2243,23.1,10423,0.0
2244,22.0,10413,0.0
2245,21.9,10306,4.0
2246,22.1,10614,0.0
2247,22.3,10408,6.0
2248,22.5,10395,0.0
2249,22.1,10338,11.0
2250,22.6,10340,0.0
2251,22.1,10441,6.0
2252,22.3,10503,0.0
2253,22.3,10306,1.0
2254,22.2,10456,0.0
2255,22.1,10650,0.0
2256,21.6,10338,11.0
2257,22.8,10306,3.0
2258,22.5,10656,0.0
2259,21.4,10544,10.0
2260,19.0,10624,0.0
2261,19.0,10537,3.0
2262,19.0,10306,8.0
2263,19.3,10662,0.0
2264,19.5,10450,2.0
2265,18.9,10378,0.0
2266,18.9,10520,4.0
2267,19.0,10520,12.0
2268,19.4,10455,0.0
2269,19.0,10481,11.0
2270,19.0,10459,0.0
2271,19.2,10398,3.0
2272,19.2,10517,5.0
2273,19.4,10601,0.0
2274,18.9,10643,0.0
2275,19.0,10777,0.0
2276,18.9,10520,3.0
2277,19.2,10585,0.0
2278,20.0,10651,0.0
2279,18.9,10494,0.0
2280,18.8,10360,0.0
2281,18.8,10413,7.0
2282,19.2,10520,2.0
2283,19.3,10734,0.0
2284,19.0,10306,0.0
2285,19.6,10734,0.0
2286,18.7,10416,6.0
2287,19.3,10414,0.0
2288,19.2,10328,1.0
2289,18.8,10306,0.0
2290,19.0,10634,0.0
2291,18.8,10343,10.0
2292,19.6,10306,0.0
2293,19.4,10359,9.0
2294,19.0,10421,0.0
2295,19.0,10332,2.0
2296,18.9,10306,0.0
2297,19.2,10597,0.0
2298,19.5,10368,6.0
2299,19.4,10351,0.0
2300,18.7,10520,0.0
2301,18.4,10471,0.0
2302,19.2,10308,0.0
2303,19.4,10663,0.0
2304,18.9,10403,7.0
2305,18.8,10494,0.0
2306,19.4,10337,1.0
2307,19.5,10374,0.0
2308,19.1,10413,0.0
2309,19.0,10306,0.0
2310,18.7,10627,2.0
2311,18.8,10306,11.0
2312,19.4,10631,0.0
2313,19.8,10306,11.0
2314,18.8,10306,0.0
2315,18.9,10698,0.0
2316,18.8,10528,10.0
2317,19.6,10356,0.0
2318,18.7,10683,0.0
2319,19.0,10459,7.0
2320,19.2,10337,0.0
2321,18.8,10699,0.0
2322,19.1,10430,5.0
2323,19.3,10459,0.0
2324,18.8,10506,9.0
2325,18.8,10376,0.0
2326,18.8,10632,0.0
2327,19.8,10397,9.0
2328,19.5,10464,0.0
2329,18.7,10392,8.0
2330,19.0,10447,0.0
2331,19.0,10413,0.0
2332,19.3,10306,11.0
2333,18.8,10571,0.0
2334,19.5,10548,0.0
2335,18.9,10520,0.0
2336,18.8,10724,0.0
2337,19.6,10506,0.0
2338,19.0,10645,0.0
2339,19.0,10674,10.0
2340,19.1,10391,0.0
2341,19.2,10390,5.0
2342,19.2,10413,6.0
2343,18.8,10634,0.0
2344,18.9,10405,4.0
2345,19.0,10316,0.0
2346,19.0,10734,0.0
2347,19.9,10677,5.0
2348,19.1,10453,0.0
2349,20.5,10338,9.0
2350,22.0,10306,0.0
2351,22.2,10634,0.0
2352,22.3,10413,0.0
2353,22.2,10413,10.0
2354,22.5,10634,0.0
2355,22.0,10536,11.0
2356,22.2,10309,0.0
2357,22.4,10605,0.0
2358,22.1,10697,0.0
2359,21.9,10346,0.0
2360,22.1,10413,0.0
2361,23.0,10636,5.0
2362,22.4,10306,6.0
2363,22.2,10514,0.0
2364,21.9,10627,10.0
2365,21.9,10623,0.0
2366,22.2,10352,3.0
2367,22.2,10306,0.0
2368,22.4,10583,0.0
2369,22.1,10439,11.0
2370,22.0,10522,0.0
2371,22.4,10620,0.0
2372,22.3,10494,2.0
2373,21.9,10348,0.0
2374,22.0,10466,4.0
2375,22.2,10503,0.0
2376,22.3,10317,10.0
2377,22.6,10458,0.0
2378,21.9,10413,5.0
2379,22.1,10520,11.0
2380,21.9,10632,0.0
2381,22.1,10507,0.0
2382,22.8,10306,0.0
2383,22.0,10627,0.0
2384,22.1,10306,0.0
2385,21.8,10697,0.0
2386,22.3,10672,3.0
2387,22.3,10330,0.0
2388,21.8,10503,0.0
2389,22.4,10727,9.0
2390,21.8,10615,0.0
2391,22.4,10520,4.0
2392,22.4,10413,0.0
2393,22.1,10500,0.0
2394,21.8,10520,0.0
2395,22.0,10579,2.0
2396,22.7,10479,8.0
2397,22.3,10380,0.0
2398,22.0,10318,4.0
2399,21.9,10308,0.0
2400,21.8,10612,0.0
2401,22.3,10418,2.0
2402,22.5,10349,0.0
2403,22.5,10413,6.0
2404,21.9,10306,0.0
2405,22.0,10520,0.0
2406,22.3,10403,6.0
2407,22.5,10627,0.0
2408,21.9,10676,8.0
2409,22.0,10413,6.0
2410,22.5,10678,1.0
2411,22.4,10642,10.0
2412,22.3,10331,0.0
2413,22.2,10499,9.0
2414,22.0,10355,0.0
2415,21.8,10627,0.0
2416,22.7,10652,1.0
2417,22.6,10372,0.0
2418,22.1,10556,0.0
2419,22.0,10354,0.0
2420,22.2,10687,0.0
2421,22.9,10465,6.0
2422,22.0,10377,0.0
2423,22.1,10734,0.0
2424,22.5,10656,10.0
2425,22.2,10341,0.0
2426,22.2,10663,0.0
2427,22.1,10452,6.0
2428,21.9,10323,0.0
2429,21.8,10595,0.0
2430,21.3,10725,11.0
2431,22.8,10306,0.0
2432,21.6,10702,0.0
2433,22.0,10729,6.0
2434,22.1,10477,0.0
2435,21.9,10413,0.0
2436,22.3,10413,0.0
2437,22.3,10718,0.0
2438,22.5,10546,2.0
2439,22.0,10446,0.0
2440,21.8,10344,8.0
2441,22.3,10413,8.0
2442,21.9,10731,0.0
2443,22.2,10725,0.0
2444,21.9,10319,0.0
2445,22.3,10565,0.0
2446,22.5,10439,0.0
2447,22.2,10357,0.0
2448,21.9,10398,10.0
2449,22.0,10448,0.0
2450,22.3,10413,1.0
2451,22.1,10636,10.0
2452,22.2,10428,0.0
2453,21.9,10306,1.0
2454,21.9,10306,5.0
2455,22.2,10684,0.0
2456,22.5,10658,11.0
2457,21.9,10310,0.0
2458,22.0,10734,2.0
2459,22.6,10413,1.0
2460,22.0,10551,0.0
2461,22.4,10520,0.0
2462,22.1,10520,9.0
2463,22.1,10611,0.0
2464,21.9,10562,5.0
2465,22.2,10369,0.0
2466,22.9,10413,5.0
2467,22.0,10314,0.0
2468,22.0,10385,11.0
2469,21.9,10349,0.0
2470,21.8,10699,6.0
2471,22.3,10623,0.0
2472,21.8,10306,0.0
2473,22.5,10616,2.0
2474,21.9,10720,9.0
2475,22.1,10306,0.0
2476,22.3,10673,0.0
2477,21.9,10565,10.0
2478,22.1,10362,0.0
2479,22.1,10413,0.0
2480,22.8,10616,9.0
2481,22.2,10564,0.0
2482,22.1,10460,10.0
2483,22.2,10381,0.0
2484,22.0,10402,9.0
2485,22.2,10386,0.0
2486,22.3,10688,0.0
2487,22.4,10521,2.0
2488,21.8,10306,0.0
2489,22.0,10734,0.0
2490,22.2,10679,6.0
2491,22.3,10400,0.0
2492,21.9,10524,8.0
2493,22.1,10608,0.0
2494,22.4,10356,5.0
2495,22.3,10549,0.0
2496,22.3,10413,10.0
2497,21.9,10385,5.0
2498,21.8,10642,0.0
2499,22.1,10459,8.0
2500,22.3,10335,0.0
2501,22.8,10717,0.0
2502,22.0,10698,11.0
2503,22.2,10710,8.0
2504,22.0,10734,8.0
2505,22.2,10413,8.0
2506,22.2,10409,0.0
2507,21.9,10627,1.0
2508,22.3,10718,9.0
2509,21.8,10547,0.0
2510,22.2,10404,11.0
2511,22.5,10420,0.0
2512,22.3,10349,6.0
2513,22.1,10465,0.0
2514,22.0,10386,7.0
2515,22.5,10306,0.0
2516,22.3,10728,2.0
2517,21.8,10696,8.0
2518,22.1,10548,0.0
2519,21.7,10386,0.0
2520,22.3,10413,0.0
2521,22.7,10707,0.0
2522,22.1,10376,9.0
2523,21.9,10306,2.0
2524,22.0,10717,0.0
2525,22.5,10591,11.0
2526,22.3,10391,0.0
2527,21.9,10515,0.0
2528,22.5,10657,6.0
2529,22.0,10413,0.0
2530,22.1,10707,0.0
2531,22.4,10718,8.0
2532,22.0,10584,0.0
2533,21.9,10413,0.0
2534,21.9,10413,13.0
2535,22.6,10625,0.0
2536,22.4,10306,7.0
2537,21.9,10413,2.0
2538,21.9,10614,0.0
2539,22.0,10306,11.0
2540,22.3,10652,0.0
2541,22.5,10725,11.0
2542,22.6,10409,0.0
2543,22.4,10721,0.0
2544,21.9,10727,12.0
2545,22.2,10470,0.0
2546,22.5,10342,3.0
2547,22.0,10334,0.0
2548,22.1,10619,6.0
2549,22.0,10614,0.0
2550,22.7,10542,0.0
2551,22.4,10386,0.0
2552,22.0,10454,10.0
2553,22.0,10306,0.0
2554,22.0,10627,0.0
2555,22.3,10718,12.0
2556,22.6,10533,0.0
2557,22.1,10467,0.0
2558,22.0,10380,0.0
2559,22.3,10413,0.0
2560,22.4,10571,0.0
2561,22.0,10412,9.0
2562,21.9,10444,0.0
2563,22.5,10402,9.0
2564,22.3,10386,0.0
2565,22.4,10599,0.0
2566,21.8,10492,11.0
2567,22.1,10358,0.0
2568,22.1,10357,9.0
2569,22.3,10313,0.0
2570,22.8,10646,2.0
2571,22.1,10268,0.0
2572,21.9,10644,0.0
2573,22.0,10564,1.0
2574,22.2,10272,0.0
2575,22.3,10465,0.0
2576,22.1,10531,8.0
2577,22.7,10365,0.0
2578,21.8,10687,0.0
2579,22.1,10646,10.0
2580,22.2,10322,0.0
2581,22.0,10614,0.0
2582,21.9,10392,6.0
2583,22.0,10580,0.0
2584,23.1,10520,4.0
2585,22.0,10341,0.0
2586,22.0,10627,5.0
2587,22.0,10306,0.0
2588,22.1,10734,0.0
2589,22.2,10596,7.0
2590,22.6,10384,0.0
2591,22.7,10429,2.0
2592,22.6,10308,0.0
2593,22.5,10520,3.0
2594,22.6,10306,11.0
2595,22.9,10558,0.0
2596,22.7,10734,4.0
2597,22.5,10722,0.0
2598,23.0,10713,0.0
2599,22.7,10306,0.0
2600,22.9,10610,0.0
2601,22.6,10547,1.0
2602,22.5,10419,0.0
2603,22.5,10466,0.0
2604,22.9,10413,0.0
2605,23.1,10457,0.0
2606,22.7,10619,10.0
2607,22.6,10343,0.0
2608,22.6,10413,0.0
2609,23.1,10627,9.0
2610,22.8,10462,0.0
2611,22.6,10451,10.0
2612,23.3,10396,0.0
2613,22.4,10442,11.0
2614,22.9,10400,0.0
2615,22.9,10325,11.0
2616,22.7,10382,0.0
2617,22.5,10484,10.0
2618,22.8,10436,0.0
2619,23.2,10325,3.0
2620,22.8,10306,0.0
2621,22.4,10413,0.0
2622,22.5,10413,6.0
2623,22.6,10670,0.0
2624,22.7,10520,1.0
2625,22.9,10622,1.0
2626,23.3,10517,0.0
2627,22.8,10448,6.0
2628,22.5,10642,0.0
2629,22.6,10433,0.0
2630,23.0,10348,0.0
2631,22.6,10699,2.0
2632,22.6,10694,0.0
2633,23.1,10309,0.0
2634,22.6,10702,0.0
2635,22.9,10728,10.0
2636,22.6,10306,3.0
2637,22.5,10674,0.0
2638,22.4,10628,1.0
2639,22.7,10306,12.0
2640,23.1,10469,0.0
2641,22.5,10325,0.0
2642,22.5,10393,0.0
2643,22.5,10525,0.0
2644,22.8,10306,0.0
2645,22.8,10395,0.0
2646,22.8,10520,0.0
2647,23.1,10306,0.0
2648,22.4,10627,2.0
2649,22.8,10624,12.0
2650,23.0,10428,0.0
2651,22.4,10335,9.0
2652,22.4,10413,2.0
2653,22.6,10627,0.0
2654,23.3,10464,11.0
2655,22.7,10599,0.0
2656,22.1,10306,4.0
2657,22.1,10306,0.0
2658,21.9,10724,0.0
2659,22.2,10480,0.0
2660,22.6,10324,0.0
2661,22.5,10678,0.0
2662,22.2,10714,0.0
2663,22.0,10645,0.0
2664,22.1,10520,0.0
2665,22.2,10503,1.0
2666,22.1,10322,0.0
2667,21.8,10329,10.0
2668,22.5,10325,0.0
2669,22.2,10413,0.0
2670,22.6,10306,1.0
2671,22.2,10634,0.0
2672,22.0,10337,9.0
2673,22.2,10355,0.0
2674,22.4,10323,0.0
2675,22.8,10306,0.0
2676,22.0,10715,1.0
2677,22.0,10614,8.0
2678,22.0,10409,0.0
2679,22.3,10518,0.0
2680,22.4,10481,0.0
2681,21.9,10323,0.0
2682,22.5,10390,0.0
2683,22.1,10411,12.0
2684,22.3,10332,0.0
2685,22.3,10634,0.0
2686,22.0,10429,3.0
2687,20.7,10368,0.0
2688,19.0,10393,4.0
2689,19.8,10333,0.0
2690,19.3,10608,0.0
2691,18.5,10324,10.0
2692,19.0,10583,0.0
2693,19.0,10627,8.0
2694,19.4,10405,0.0
2695,19.5,10331,2.0
2696,19.4,10520,0.0
2697,19.0,10696,0.0
2698,18.8,10636,7.0
2699,19.2,10306,0.0
2700,19.3,10637,0.0
2701,19.1,10730,9.0
2702,18.9,10376,0.0
2703,19.4,10460,0.0
2704,19.2,10306,0.0
2705,19.4,10413,0.0
2706,19.2,10306,0.0
2707,18.9,10520,0.0
2708,18.9,10310,0.0
2709,19.2,10709,0.0
2710,20.0,10528,0.0
2711,18.9,10306,0.0
2712,19.0,10734,0.0
2713,19.2,10413,4.0
2714,19.2,10597,0.0
2715,19.4,10378,6.0
2716,19.1,10334,0.0
2717,19.5,10352,8.0
2718,19.0,10479,0.0
2719,19.2,10448,10.0
2720,19.4,10315,0.0
2721,19.1,10627,0.0
2722,19.0,10413,11.0
2723,19.0,10725,0.0
2724,19.6,10640,5.0
2725,19.2,10306,0.0
2726,18.9,10708,2.0
2727,18.9,10413,0.0
2728,19.0,10625,0.0
2729,19.3,10762,0.0
2730,19.6,10371,0.0
2731,19.3,10400,11.0
2732,18.6,10308,0.0
2733,18.1,10674,0.0
2734,19.0,10506,12.0
2735,18.8,10456,0.0
2736,18.4,10367,0.0
2737,18.2,10306,0.0
2738,19.0,10728,0.0
2739,18.6,10449,5.0
2740,17.9,10306,0.0
2741,17.9,10520,11.0
2742,17.9,10620,0.0
2743,17.9,10561,0.0
2744,18.1,10519,11.0
2745,18.7,10379,0.0
2746,17.7,10349,2.0
2747,17.6,10734,10.0
2748,17.9,10585,0.0
2749,18.2,10337,10.0
2750,18.3,10351,0.0
2751,18.0,10520,0.0
2752,18.2,10412,0.0
2753,17.8,10499,0.0
2754,18.1,10734,0.0
2755,18.2,10540,3.0
2756,18.2,10336,0.0
2757,17.9,10513,0.0
2758,18.1,10359,0.0
2759,18.6,10674,0.0
2760,18.2,10636,10.0
2761,18.0,10678,0.0
2762,17.7,10374,6.0
2763,18.0,10348,0.0
2764,18.0,10413,2.0
2765,18.4,10306,0.0
2766,18.4,10413,0.0
2767,17.9,10306,5.0
2768,17.9,10655,0.0
2769,18.0,10411,5.0
2770,18.2,10341,0.0
2771,17.9,10724,10.0
2772,18.0,10348,0.0
2773,18.3,10413,0.0
2774,18.3,10725,0.0
2775,18.4,10369,0.0
2776,18.0,10413,0.0
2777,18.0,10306,0.0
2778,18.0,10630,0.0
2779,18.4,10600,11.0
2780,18.8,10306,0.0
2781,18.5,10610,0.0
2782,21.0,10734,11.0
2783,20.8,10584,0.0
2784,21.4,10519,9.0
2785,21.4,10306,0.0
2786,21.1,10627,1.0
2787,21.4,10734,8.0
2788,20.9,10623,0.0
2789,21.3,10415,0.0
2790,21.4,10306,0.0
2791,21.3,10520,0.0
2792,21.1,10306,0.0
2793,20.9,10627,0.0
2794,21.9,10728,9.0
2795,21.6,10306,0.0
2796,21.0,10615,0.0
2797,21.0,10627,0.0
2798,21.0,10601,0.0
2799,21.5,10718,11.0
2800,21.3,10386,0.0
2801,21.5,10413,2.0
2802,21.0,10413,0.0
2803,20.9,10586,1.0
2804,21.4,10710,11.0
2805,21.3,10306,0.0
2806,20.7,10623,0.0
2807,21.1,10620,10.0
2808,19.6,10533,0.0
2809,18.1,10413,0.0
2810,18.3,10520,0.0
2811,18.0,10413,1.0
2812,17.8,10306,9.0
2813,17.9,10689,0.0
2814,18.2,10431,11.0
2815,18.9,10491,0.0
2816,17.9,10343,0.0
2817,18.0,10413,0.0
2818,18.0,10646,0.0
2819,18.2,10456,5.0
2820,18.2,10413,0.0
2821,18.1,10593,9.0
2822,18.1,10393,0.0
2823,17.8,10338,1.0
2824,18.5,10308,0.0
2825,18.2,10729,0.0
2826,18.0,10393,0.0
2827,18.0,10413,2.0
2828,18.6,10520,8.0
2829,18.4,10576,0.0
2830,17.8,10413,0.0
2831,17.9,10411,0.0
2832,17.9,10413,0.0
2833,18.1,10520,0.0
2834,18.2,10670,0.0
2835,18.4,10657,11.0
2836,17.9,10415,0.0
2837,17.9,10732,0.0
2838,18.0,10639,9.0
2839,18.4,10441,1.0
2840,17.9,10421,1.0
2841,18.2,10479,0.0
2842,18.6,10454,0.0
2843,18.1,10306,0.0
2844,18.2,10599,1.0
2845,17.8,10685,11.0
2846,17.9,10583,4.0
2847,17.7,10306,1.0
2848,18.1,10734,11.0
2849,19.0,10629,0.0
2850,18.0,10413,3.0
2851,17.9,10520,11.0
2852,17.9,10644,0.0
2853,18.1,10306,1.0
2854,18.2,10627,8.0
2855,17.9,10580,0.0
2856,18.3,10520,0.0
2857,17.9,10306,0.0
2858,18.2,10661,0.0
2859,18.2,10325,3.0
2860,18.0,10368,0.0
2861,18.0,10520,0.0
2862,18.0,10306,0.0
2863,18.8,10520,3.0
2864,18.3,10413,4.0
2865,17.7,10581,0.0
2866,17.9,10402,1.0
2867,17.9,10415,0.0
2868,18.0,10734,0.0
2869,18.4,10662,6.0
2870,18.3,10359,0.0
2871,17.9,10610,0.0
2872,17.8,10396,0.0
2873,18.2,10651,0.0
2874,18.2,10325,0.0
2875,18.1,10306,0.0
2876,18.0,10520,0.0
2877,18.2,10394,5.0
2878,18.3,10569,0.0
2879,18.2,10413,0.0
2880,18.0,10306,4.0
2881,18.0,10647,1.0
2882,18.0,10449,0.0
2883,18.2,10485,0.0
2884,19.1,10672,0.0
2885,17.9,10675,9.0
2886,18.0,10602,0.0
2887,18.0,10671,1.0
2888,18.1,10306,5.0
2889,18.4,10667,0.0
2890,17.8,10511,11.0
2891,18.3,10341,0.0
2892,17.9,10306,0.0
2893,18.0,10472,3.0
2894,18.3,10568,0.0
2895,18.0,10339,1.0
2896,17.9,10520,0.0
2897,17.9,10520,1.0
2898,18.5,10306,9.0
2899,20.9,10528,0.0
2900,20.8,10413,0.0
2901,21.1,10413,11.0
2902,21.2,10720,0.0
2903,20.9,10362,0.0
2904,21.6,10374,0.0
2905,21.6,10608,0.0
2906,21.1,10683,10.0
2907,21.0,10553,0.0
2908,21.2,10520,3.0
2909,21.4,10306,0.0
2910,21.1,10636,0.0
2911,21.0,10555,11.0
2912,21.5,10450,0.0
2913,21.2,10394,0.0
2914,21.1,10413,0.0
2915,21.1,10520,0.0
2916,21.0,10726,8.0
2917,20.8,10631,0.0
2918,21.3,10433,0.0
2919,21.8,10317,0.0
2920,20.9,10725,2.0
2921,21.0,10650,8.0
2922,20.9,10478,0.0
2923,21.3,10310,10.0
2924,21.4,10375,0.0
2925,21.0,10325,4.0
2926,21.4,10412,0.0
2927,20.7,10475,0.0
2928,21.2,10502,0.0
2929,21.2,10728,1.0
2930,21.0,10306,0.0
2931,21.2,10413,13.0
2932,20.9,10316,0.0
2933,21.8,10616,0.0
2934,21.3,10685,0.0
2935,21.0,10527,0.0
2936,20.9,10484,2.0
2937,20.7,10366,0.0
2938,21.0,10618,0.0
2939,21.4,10615,0.0
2940,21.4,10318,0.0
2941,21.0,10490,5.0
2942,20.9,10599,0.0
2943,21.4,10306,2.0
2944,21.6,10413,8.0
2945,21.0,10728,2.0
2946,21.2,10412,0.0
2947,21.6,10627,2.0
2948,21.1,10398,9.0
2949,21.3,10605,0.0
2950,20.9,10469,1.0
2951,21.1,10566,0.0
2952,21.0,10719,0.0
2953,21.3,10311,0.0
2954,21.6,10601,0.0
2955,21.0,10457,4.0
2956,21.0,10704,11.0
2957,20.9,10423,0.0
2958,21.3,10377,5.0
2959,21.3,10388,0.0
2960,21.2,10306,0.0
2961,21.5,10306,0.0
2962,21.1,10666,0.0
2963,21.2,10618,0.0
2964,21.3,10306,0.0
2965,21.2,10625,0.0
2966,21.1,10734,9.0
2967,21.2,10467,0.0
2968,21.9,10365,2.0
2969,21.4,10352,0.0
2970,21.0,10623,1.0
2971,20.8,10527,7.0
2972,20.9,10588,0.0
2973,21.1,10340,1.0
2974,21.4,10582,0.0
2975,21.3,10607,2.0
2976,20.9,10383,1.0
2977,20.9,10413,0.0
2978,21.3,10614,0.0
2979,21.6,10734,0.0
2980,21.2,10688,0.0
2981,20.9,10451,3.0
2982,21.3,10314,0.0
2983,21.4,10674,0.0
2984,21.5,10306,0.0
2985,20.9,10306,10.0
2986,21.2,10699,0.0
2987,20.9,10521,4.0
2988,21.4,10306,5.0
2989,21.9,10576,0.0
2990,21.1,10556,0.0
2991,20.9,10413,0.0
2992,21.0,10655,0.0
2993,21.3,10590,0.0
2994,21.4,10338,0.0
2995,21.1,10413,0.0
2996,21.4,10518,9.0
2997,21.1,10718,0.0
2998,21.1,10441,0.0
2999,21.3,10309,0.0
3000,21.0,10519,1.0
3001,21.0,10724,0.0
3002,21.1,10362,0.0
3003,21.5,10591,0.0
3004,21.3,10688,4.0
3005,21.0,10306,0.0
3006,21.0,10627,0.0
3007,21.0,10620,2.0
3008,21.3,10306,0.0
3009,21.4,10600,0.0
3010,21.4,10389,11.0
3011,21.0,10335,0.0
3012,20.8,10620,0.0
3013,21.4,10556,11.0
3014,21.4,10315,0.0
3015,21.0,10734,0.0
3016,21.1,10306,0.0
3017,21.5,10627,2.0
3018,21.2,10307,2.0
3019,21.4,10609,0.0
3020,21.0,10603,8.0
3021,21.2,10478,0.0
3022,21.1,10438,0.0
3023,21.1,10361,0.0
3024,21.9,10671,0.0
3025,21.1,10366,8.0
3026,21.0,10306,0.0
3027,21.0,10624,0.0
3028,21.2,10379,4.0
3029,21.2,10399,0.0
3030,21.1,10514,4.0
3031,21.5,10732,10.0
3032,21.0,10654,0.0
3033,21.2,10478,3.0
3034,21.4,10338,0.0
3035,21.1,10419,2.0
3036,21.0,10362,0.0
3037,21.2,10364,11.0
3038,21.5,10469,0.0
3039,21.3,10627,0.0
3040,21.1,10706,10.0
3041,21.0,10306,0.0
3042,21.1,10413,0.0
3043,21.2,10734,5.0
3044,21.4,10581,0.0
3045,21.6,10306,2.0
3046,21.0,10413,8.0
3047,21.0,10592,0.0
3048,21.1,10406,1.0
3049,21.4,10413,0.0
3050,21.8,10490,0.0
3051,21.2,10705,8.0
3052,21.7,10501,0.0
3053,21.2,10363,5.0
3054,21.4,10306,0.0
3055,20.9,10734,0.0
3056,21.1,10714,8.0
3057,21.1,10694,3.0
3058,21.1,10483,0.0
3059,21.7,10318,0.0
3060,20.9,10520,10.0
3061,20.9,10355,0.0
3062,20.8,10353,2.0
3063,21.3,10324,0.0
3064,21.4,10658,0.0
3065,21.0,10655,11.0
3066,21.4,10388,0.0
3067,21.0,10306,2.0
3068,21.2,10627,12.0
3069,21.5,10537,0.0
3070,21.1,10323,8.0
3071,21.1,10319,0.0
3072,21.0,10734,2.0
3073,22.0,10478,5.0
3074,21.4,10542,0.0
3075,20.9,10530,1.0
3076,20.8,10413,0.0
3077,20.9,10685,0.0
3078,21.1,10437,9.0
3079,21.5,10334,0.0
3080,21.4,10520,3.0
3081,20.9,10413,0.0
3082,21.1,10721,0.0
3083,21.2,10529,10.0
3084,21.4,10413,0.0
3085,21.1,10520,0.0
3086,21.2,10306,0.0
3087,21.5,10727,3.0
3088,21.3,10702,0.0
3089,21.3,10663,2.0
3090,21.0,10520,0.0
3091,21.1,10520,4.0
3092,21.0,10306,0.0
3093,21.4,10617,0.0
3094,21.7,10734,0.0
3095,21.1,10679,0.0
3096,21.0,10515,9.0
3097,20.7,10424,0.0
3098,21.3,10520,0.0
3099,21.7,10306,5.0
3100,20.9,10577,0.0
3101,21.5,10405,10.0
3102,20.9,10344,0.0
3103,21.2,10306,0.0
3104,21.3,10306,0.0
3105,21.2,10413,9.0
3106,20.9,10306,5.0
3107,21.0,10699,0.0
3108,21.7,10433,1.0
3109,21.2,10312,0.0
3110,21.2,10720,0.0
3111,20.9,10652,0.0
3112,21.0,10715,3.0
3113,21.2,10718,0.0
3114,21.4,10648,0.0
3115,21.6,10520,0.0
3116,20.9,10306,0.0
3117,20.9,10690,0.0
3118,21.2,10555,11.0
3119,21.3,10529,0.0
3120,21.1,10616,11.0
3121,20.9,10495,0.0
3122,21.3,10520,0.0
3123,21.3,10520,0.0
3124,21.0,10637,0.0
3125,21.4,10487,3.0
3126,20.9,10306,0.0
3127,21.0,10502,0.0
3128,20.8,10605,0.0
3129,21.4,10337,0.0
3130,21.2,10623,1.0
3131,21.4,10306,0.0
3132,21.0,10681,0.0
3133,21.1,10575,2.0
3134,20.9,10357,0.0
3135,21.5,10520,0.0
3136,21.6,10413,0.0
3137,20.8,10674,0.0
3138,20.9,10500,10.0
3139,20.7,10325,0.0
3140,21.7,10520,0.0
3141,21.4,10413,0.0
3142,21.1,10705,0.0
3143,21.2,10504,0.0
3144,21.0,10306,0.0
3145,21.3,10627,2.0
3146,21.4,10520,0.0
3147,21.1,10692,9.0
3148,20.9,10413,10.0
3149,20.9,10590,0.0
3150,22.0,10613,11.0
3151,21.2,10323,0.0
3152,21.0,10734,2.0
3153,21.1,10306,10.0
3154,20.8,10363,0.0
3155,21.3,10413,0.0
3156,21.4,10306,11.0
3157,21.4,10683,0.0
3158,20.7,10332,10.0
3159,20.8,10368,0.0
3160,21.5,10627,0.0
3161,21.3,10306,0.0
3162,21.0,10715,0.0
3163,20.9,10413,8.0
3164,21.5,10667,0.0
3165,21.5,10329,10.0
3166,21.0,10306,0.0
3167,21.0,10734,0.0
3168,21.1,10734,5.0
3169,20.8,10501,0.0
3170,21.6,10400,5.0
3171,21.5,10306,0.0
3172,21.0,10509,0.0
3173,21.1,10709,10.0
3174,20.8,10479,0.0
3175,21.6,10306,0.0
3176,21.3,10306,5.0
3177,21.2,10699,0.0
3178,21.3,10306,2.0
3179,21.0,10413,12.0
3180,21.3,10649,0.0
3181,21.4,10498,11.0
3182,20.9,10306,2.0
3183,21.0,10706,0.0
3184,21.0,10695,0.0
3185,22.4,10593,0.0
3186,21.0,10521,11.0
3187,21.0,10316,0.0
3188,21.0,10413,0.0
3189,20.9,10627,10.0
3190,21.6,10635,0.0
3191,21.1,10515,1.0
3192,21.5,10325,0.0
3193,20.9,10520,5.0
3194,20.9,10413,0.0
3195,21.6,10413,11.0
3196,21.1,10429,0.0
3197,20.9,10734,11.0
3198,21.1,10418,0.0
3199,21.7,10602,0.0
3200,21.2,10572,11.0
3201,20.8,10327,0.0
3202,21.0,10520,1.0
3203,21.0,10413,7.0
3204,20.9,10539,0.0
3205,21.9,10410,0.0
3206,21.5,10306,0.0
3207,20.8,10508,0.0
3208,20.9,10712,11.0
3209,20.7,10306,0.0
3210,21.6,10520,0.0
3211,20.9,10306,6.0
3212,21.0,10588,0.0
3213,21.8,10582,7.0
3214,21.3,10475,0.0
3215,21.3,10520,2.0
3216,20.9,10409,10.0
3217,21.1,10433,0.0
3218,21.0,10383,4.0
3219,21.5,10413,0.0
3220,21.7,10639,0.0
3221,21.1,10682,0.0
3222,20.8,10306,0.0
3223,21.1,10659,0.0
3224,21.2,10502,10.0
3225,21.2,10306,0.0
3226,21.0,10673,0.0
3227,21.5,10681,10.0
3228,21.1,10447,0.0
3229,21.0,10413,0.0
3230,21.3,10408,11.0
3231,21.0,10634,0.0
3232,20.9,10577,11.0
3233,21.0,10528,0.0
3234,21.7,10353,0.0
3235,21.2,10413,0.0
3236,17.9,10625,0.0
3237,18.1,10411,6.0
3238,17.9,10537,0.0
3239,18.0,10537,3.0
3240,18.3,10363,0.0
3241,18.6,10395,2.0
3242,17.8,10496,0.0
3243,17.9,10611,0.0
3244,18.0,10306,0.0
3245,18.2,10412,6.0
3246,18.0,10644,0.0
3247,17.9,10632,4.0
3248,18.2,10363,0.0
3249,18.0,10434,4.0
3250,18.3,10306,0.0
3251,17.9,10675,0.0
3252,17.9,10734,2.0
3253,17.8,10415,0.0
3254,18.3,10681,10.0
3255,18.7,10374,0.0
3256,17.9,10415,2.0
3257,17.9,10400,0.0
3258,18.0,10713,0.0
3259,18.2,10578,0.0
3260,18.2,10415,0.0
3261,18.0,10608,0.0
3262,18.4,10708,7.0
3263,17.9,10440,0.0
3264,18.2,10426,0.0
3265,18.3,10415,0.0
3266,17.9,10680,0.0
3267,17.9,10629,11.0
3268,17.8,10629,0.0
3269,18.5,10635,0.0
3270,18.3,10377,0.0
3271,18.0,10347,10.0
3272,17.9,10486,0.0
3273,17.7,10308,3.0
3274,18.1,10308,0.0
3275,18.3,10582,0.0
3276,18.5,10734,9.0
3277,17.9,10490,0.0
3278,17.7,10431,11.0
3279,18.2,10400,0.0
3280,18.2,10504,0.0
3281,17.9,10343,5.0
3282,18.1,10308,0.0
3283,18.0,10637,0.0
3284,18.0,10419,12.0
3285,18.3,10320,0.0
3286,18.1,10709,0.0
3287,17.9,10736,5.0
3288,17.8,10447,0.0
3289,18.2,10324,0.0
3290,18.6,10411,0.0
3291,17.7,10611,0.0
3292,17.8,10480,0.0
3293,17.9,10348,0.0
3294,18.0,10736,0.0
3295,18.3,10522,11.0
3296,18.0,10486,0.0
3297,18.2,10629,0.0
3298,17.9,10522,0.0
3299,18.2,10672,0.0
3300,18.4,10415,11.0
3301,18.2,10308,0.0
3302,17.9,10344,11.0
3303,18.0,10426,0.0
3304,18.7,10649,0.0
3305,18.1,10473,8.0
3306,17.8,10308,0.0
3307,17.9,10572,0.0
3308,17.6,10607,6.0
3309,18.3,10321,0.0
3310,18.4,10716,0.0
3311,18.5,10653,10.0
3312,17.9,10524,0.0
3313,17.8,10523,3.0
3314,18.7,10495,0.0
3315,18.0,10661,0.0
3316,17.9,10414,8.0
3317,18.0,10403,0.0
3318,18.2,10522,2.0
3319,18.3,10308,9.0
3320,18.4,10623,0.0
3321,18.0,10736,11.0
3322,18.0,10675,0.0
3323,17.7,10694,11.0
3324,18.5,10426,0.0
3325,18.2,10415,2.0
3326,17.9,10415,8.0
3327,17.8,10661,0.0
3328,17.6,10383,0.0
3329,21.2,10308,0.0
3330,21.3,10708,0.0
3331,20.9,10571,9.0
3332,21.5,10461,0.0
3333,20.7,10415,3.0
3334,21.2,10513,0.0
3335,21.4,10499,2.0
3336,20.9,10689,0.0
3337,20.9,10388,0.0
3338,20.9,10489,6.0
3339,21.9,10308,0.0
3340,21.4,10365,2.0
3341,21.2,10480,0.0
3342,21.1,10458,10.0
3343,21.0,10324,0.0
3344,21.3,10629,0.0
3345,21.3,10367,0.0
3346,21.6,10625,0.0
3347,21.0,10460,5.0
3348,20.8,10381,0.0
3349,21.2,10522,3.0
3350,21.5,10308,0.0
3351,21.0,10629,0.0
3352,20.8,10308,0.0
3353,21.2,10629,0.0
3354,21.7,10491,0.0
3355,20.9,10522,0.0
3356,21.1,10415,11.0
3357,21.2,10607,0.0
3358,21.4,10424,0.0
3359,21.3,10308,0.0
3360,19.6,10415,0.0
3361,18.1,10326,9.0
3362,17.8,10652,0.0
3363,18.2,10372,9.0
3364,18.3,10330,0.0
3365,17.9,10415,10.0
3366,18.0,10316,0.0
3367,18.4,10522,0.0
3368,18.2,10308,0.0
3369,18.2,10726,0.0
3370,18.0,10629,10.0
3371,17.9,10662,0.0
3372,17.7,10736,2.0
3373,18.1,10412,0.0
3374,18.4,10522,9.0
3375,17.8,10408,11.0
3376,17.8,10567,0.0
3377,17.9,10412,0.0
3378,18.2,10322,0.0
3379,18.2,10629,3.0
3380,18.1,10308,0.0
3381,18.2,10654,2.0
3382,17.8,10648,0.0
3383,18.0,10308,9.0
3384,18.4,10666,0.0
3385,17.9,10582,11.0
3386,17.9,10452,0.0
3387,18.2,10308,0.0
3388,18.6,10308,6.0
3389,18.2,10603,4.0
3390,17.6,10679,0.0
3391,17.8,10314,0.0
3392,17.7,10415,0.0
3393,18.0,10415,0.0
3394,18.3,10712,0.0
3395,18.5,10736,9.0
3396,17.8,10572,0.0
3397,17.7,10421,3.0
3398,18.0,10308,0.0
3399,18.3,10658,0.0
3400,18.0,10571,8.0
3401,17.9,10309,0.0
3402,18.3,10542,0.0
3403,17.9,10308,2.0
3404,18.2,10308,0.0
3405,18.0,10415,11.0
3406,17.9,10440,0.0
3407,17.8,10415,0.0
3408,18.1,10415,0.0
3409,18.7,10736,0.0
3410,17.8,10515,0.0
3411,17.8,10622,0.0
3412,17.9,10681,6.0
3413,18.2,10487,0.0
3414,18.2,10353,1.0
3415,17.9,10308,0.0
3416,18.1,10616,0.0
3417,17.8,10619,6.0
3418,18.0,10415,0.0
3419,18.3,10721,0.0
3420,17.8,10612,11.0
3421,17.8,10334,0.0
3422,18.1,10411,0.0
3423,18.5,10308,0.0
3424,18.3,10613,0.0
3425,17.7,10333,1.0
3426,17.9,10362,0.0
3427,17.9,10415,0.0
3428,18.0,10712,2.0
3429,18.3,10401,0.0
3430,18.3,10736,0.0
3431,17.9,10617,8.0
3432,17.9,10387,0.0
3433,18.1,10338,0.0
3434,18.3,10373,0.0
3435,17.7,10629,0.0
3436,17.9,10665,4.0
3437,18.3,10415,0.0
3438,18.3,10618,5.0
3439,18.2,10655,12.0
3440,17.7,10308,0.0
3441,17.9,10415,1.0
3442,17.7,10622,11.0
3443,18.4,10346,0.0
3444,18.6,10522,3.0
3445,17.9,10514,0.0
3446,17.9,10560,0.0
3447,17.8,10415,0.0
3448,18.1,10731,0.0
3449,17.8,10308,0.0
3450,18.0,10687,0.0
3451,19.6,10549,11.0
3452,20.6,10415,0.0
3453,20.7,10564,0.0
3454,20.8,10522,0.0
3455,20.9,10415,0.0
3456,20.9,10695,0.0
3457,21.0,10694,0.0
3458,21.3,10333,0.0
3459,20.8,10736,0.0
3460,20.8,10433,10.0
3461,20.9,10308,0.0
3462,20.9,10720,0.0
3463,20.6,10615,0.0
3464,21.0,10310,0.0
3465,21.3,10491,0.0
3466,20.9,10415,0.0
3467,21.1,10379,0.0
3468,20.7,10628,0.0
3469,20.8,10589,4.0
3470,21.0,10329,0.0
3471,20.8,10626,0.0
3472,21.4,10575,9.0
3473,20.7,10401,0.0
3474,20.8,10503,0.0
3475,20.9,10395,10.0
3476,21.0,10330,0.0
3477,20.9,10609,0.0
3478,21.0,10590,0.0
3479,21.2,10313,0.0
3480,21.1,10522,0.0
3481,20.8,10604,8.0
3482,20.9,10346,0.0
3483,20.9,10734,0.0
3484,20.9,10554,0.0
3485,21.0,10415,0.0
3486,21.8,10415,10.0
3487,20.8,10522,8.0
3488,20.9,10565,0.0
3489,24.5,10522,4.0
3490,27.3,10671,0.0
3491,23.3,10725,0.0
3492,21.4,10734,4.0
3493,21.0,10341,0.0
3494,20.8,10355,1.0
3495,21.3,10308,0.0
3496,21.4,10522,2.0
3497,21.1,10308,0.0
3498,20.9,10717,0.0
3499,21.0,10719,1.0
3500,21.9,10309,0.0
3501,21.4,10629,0.0
3502,21.0,10308,0.0
3503,21.0,10731,0.0
3504,21.0,10308,11.0
3505,21.2,10678,0.0
3506,21.8,10736,8.0
3507,21.3,10656,0.0
3508,20.9,10630,3.0
3509,20.7,10308,0.0
3510,21.8,10415,2.0
3511,21.0,10393,0.0
3512,21.0,10415,2.0
3513,21.4,10308,0.0
3514,20.9,10522,5.0
3515,21.7,10406,6.0
3516,20.9,10590,0.0
3517,21.0,10601,6.0
3518,21.0,10570,0.0
3519,21.1,10411,11.0
3520,22.1,10337,0.0
3521,20.8,10512,6.0
3522,20.9,10666,10.0
3523,20.9,10517,0.0
3524,21.1,10308,0.0
3525,21.5,10308,8.0
3526,21.0,10653,0.0
3527,21.5,10705,0.0
3528,20.9,10308,0.0
3529,21.2,10456,10.0
3530,21.5,10310,0.0
3531,21.2,10312,10.0
3532,21.1,10325,0.0
3533,21.1,10522,0.0
3534,21.6,10308,0.0
3535,21.4,10664,0.0
3536,21.1,10734,9.0
3537,21.0,10368,0.0
3538,20.9,10308,10.0
3539,21.0,10308,0.0
3540,21.6,10723,0.0
3541,21.5,10586,2.0
3542,21.1,10430,0.0
3543,20.9,10415,4.0
3544,21.0,10308,6.0
3545,21.3,10637,0.0
3546,21.1,10427,6.0
3547,21.1,10488,0.0
3548,21.4,10366,11.0
3549,21.0,10314,0.0
3550,21.6,10629,0.0
3551,21.1,10308,0.0
3552,21.0,10323,4.0
3553,21.1,10401,9.0
3554,20.9,10637,0.0
3555,22.0,10361,11.0
3556,21.2,10308,0.0
3557,21.0,10682,0.0
3558,21.0,10382,5.0
3559,21.0,10367,0.0
3560,21.4,10736,0.0
3561,21.0,10608,6.0
3562,21.5,10349,0.0
3563,21.1,10415,0.0
3564,20.7,10308,10.0
3565,21.5,10630,0.0
3566,21.2,10552,5.0
3567,21.1,10416,0.0
3568,21.0,10359,11.0
3569,21.7,10308,0.0
3570,21.5,10588,0.0
3571,21.0,10421,11.0
3572,21.3,10511,0.0
3573,21.2,10570,0.0
3574,21.2,10308,0.0
3575,21.5,10522,2.0
3576,21.5,10716,1.0
3577,20.9,10600,0.0
3578,20.9,10483,0.0
3579,20.9,10415,0.0
3580,21.5,10703,0.0
3581,20.9,10604,11.0
3582,21.0,10328,0.0
3583,21.4,10501,0.0
3584,20.7,10392,9.0
3585,21.8,10312,0.0
3586,20.9,10689,0.0
3587,21.1,10629,10.0
3588,21.0,10551,0.0
3589,20.9,10553,3.0
3590,22.0,10388,0.0
3591,21.1,10522,10.0
3592,21.0,10311,0.0
3593,20.9,10604,0.0
3594,20.8,10409,9.0
3595,21.5,10410,0.0
3596,21.1,10522,11.0
3597,21.6,10522,0.0
3598,21.1,10635,0.0
3599,20.7,10336,9.0
3600,21.6,10360,0.0
3601,21.1,10415,0.0
3602,20.8,10516,10.0
3603,20.9,10661,0.0
3604,21.3,10415,1.0
3605,21.1,10393,10.0
3606,21.5,10645,2.0
3607,21.0,10442,0.0
3608,20.8,10354,0.0
3609,20.8,10736,0.0
3610,21.3,10629,4.0
3611,21.7,10393,0.0
3612,21.0,10415,3.0
3613,21.0,10415,1.0
3614,20.9,10687,0.0
3615,21.5,10353,2.0
3616,21.4,10335,0.0
3617,20.8,10731,0.0
3618,21.5,10308,11.0
3619,20.9,10688,0.0
3620,21.1,10390,0.0
3621,21.5,10308,0.0
3622,20.9,10667,0.0
3623,20.9,10342,5.0
3624,20.9,10308,0.0
3625,21.9,10508,0.0
3626,21.3,10435,8.0
3627,20.8,10430,0.0
3628,20.9,10415,0.0
3629,21.0,10308,0.0
3630,21.2,10633,0.0
3631,21.3,10599,8.0
3632,21.4,10397,0.0
3633,21.1,10433,5.0
3634,21.0,10349,0.0
3635,21.4,10539,9.0
3636,21.6,10546,0.0
3637,21.1,10415,8.0
3638,21.0,10149,0.0
3639,21.6,10577,0.0
3640,21.7,10308,0.0
3641,21.1,10698,0.0
3642,20.9,10536,11.0
3643,21.1,10386,0.0
3644,21.1,10415,11.0
3645,21.6,10308,0.0
3646,21.6,10736,7.0
3647,21.1,10522,0.0
3648,21.1,10595,0.0
3649,20.9,10687,10.0
3650,21.5,10308,0.0
3651,21.0,10522,2.0
3652,20.8,10308,0.0
3653,21.6,10585,0.0
3654,21.2,10736,0.0
3655,21.3,10326,0.0
3656,21.1,10736,0.0
3657,21.1,10608,8.0
3658,21.2,10356,0.0
3659,21.0,10522,4.0
3660,22.0,10442,0.0
3661,20.9,10522,0.0
3662,20.8,10522,0.0
3663,21.0,10618,0.0
3664,20.9,10522,4.0
3665,21.4,10415,10.0
3666,21.0,10479,0.0
3667,21.4,10547,0.0
3668,20.9,10440,10.0
3669,20.8,10308,0.0
3670,21.6,10594,0.0
3671,21.1,10642,0.0
3672,21.0,10308,0.0
3673,20.9,10620,0.0
3674,21.2,10578,3.0
3675,21.6,10308,0.0
3676,21.3,10415,2.0
3677,20.9,10415,0.0
3678,21.1,10522,11.0
3679,20.8,10481,0.0
3680,22.0,10714,0.0
3681,21.9,10308,9.0
3682,21.3,10614,0.0
3683,21.1,10629,6.0
3684,20.7,10448,0.0
3685,21.6,10732,2.0
3686,21.2,10415,0.0
3687,20.9,10649,0.0
3688,21.4,10384,0.0
3689,21.0,10409,0.0
3690,21.8,10600,0.0
3691,21.0,10651,10.0
3692,20.9,10364,0.0
3693,21.0,10629,0.0
3694,21.0,10736,10.0
3695,21.8,10395,0.0
3696,21.0,10518,11.0
3697,21.0,10436,0.0
3698,20.9,10338,4.0
3699,21.1,10308,0.0
3700,21.4,10612,0.0
3701,21.2,10736,1.0
3702,21.6,10684,0.0
3703,20.9,10458,6.0
3704,21.1,10308,0.0
3705,21.5,10648,3.0
3706,21.0,10308,0.0
3707,20.9,10522,0.0
3708,21.0,10415,0.0
3709,21.8,10557,2.0
3710,21.5,10556,0.0
3711,21.0,10381,0.0
3712,20.8,10492,0.0
3713,21.0,10629,11.0
3714,21.3,10403,0.0
3715,21.4,10415,0.0
3716,21.8,10629,11.0
3717,21.2,10613,0.0
3718,21.0,10522,0.0
3719,20.8,10629,11.0
3720,21.4,10564,0.0
3721,21.2,10395,10.0
3722,20.9,10342,0.0
3723,21.4,10559,0.0
3724,20.8,10470,11.0
3725,21.3,10324,0.0
3726,21.3,10308,0.0
3727,21.0,10383,0.0
3728,21.2,10613,11.0
3729,20.9,10308,0.0
3730,22.2,10308,0.0
3731,21.1,10344,0.0
3732,21.0,10415,11.0
3733,20.9,10349,0.0
3734,20.8,10621,11.0
3735,21.5,10308,9.0
3736,21.1,10687,1.0
3737,21.6,10736,0.0
3738,21.2,10736,0.0
3739,21.3,10727,8.0
3740,21.2,10502,0.0
3741,21.1,10533,2.0
3742,21.2,10311,0.0
3743,21.0,10308,2.0
3744,22.1,10415,0.0
3745,21.4,10516,0.0
3746,20.9,10339,8.0
3747,20.9,10308,0.0
3748,21.0,10685,0.0
3749,20.9,10522,6.0
3750,21.3,10402,0.0
3751,21.4,10522,0.0
3752,20.9,10428,0.0
3753,20.8,10727,0.0
3754,20.9,10326,4.0
3755,21.6,10308,0.0
3756,21.0,10522,11.0
3757,20.9,10320,0.0
3758,21.6,10522,6.0
3759,21.0,10390,0.0
3760,21.7,10697,0.0
3761,20.9,10543,0.0
3762,21.1,10328,0.0
3763,20.9,10415,2.0
3764,20.9,10415,11.0
3765,21.8,10450,0.0
3766,21.2,10629,2.0
3767,21.1,10736,9.0
3768,20.8,10372,1.0
3769,21.0,10407,0.0
3770,21.5,10308,0.0
3771,21.3,10415,0.0
3772,21.4,10308,0.0
3773,21.0,10627,0.0
3774,20.6,10605,2.0
3775,21.3,10308,0.0
3776,21.5,10415,0.0
3777,20.8,10308,0.0
3778,21.0,10626,2.0
3779,21.2,10716,6.0
3780,21.9,10539,0.0
3781,21.3,10645,9.0
3782,21.1,10436,0.0
3783,21.0,10349,6.0
3784,20.9,10328,0.0
3785,21.5,10345,1.0
3786,21.5,10469,0.0
3787,21.2,10473,11.0
3788,19.0,10325,0.0
3789,17.7,10702,0.0
3790,18.6,10552,8.0
3791,18.1,10341,0.0
3792,18.1,10400,6.0
3793,18.3,10412,8.0
3794,18.0,10508,0.0
3795,18.1,10415,0.0
3796,18.2,10389,0.0
3797,17.8,10655,0.0
3798,17.8,10586,11.0
3799,17.7,10308,0.0
3800,18.2,10667,0.0
3801,19.0,10522,8.0
3802,18.1,10350,0.0
3803,17.8,10517,0.0
3804,17.8,10713,11.0
3805,18.8,10720,0.0
3806,17.9,10590,0.0
3807,18.0,10418,0.0
3808,18.5,10503,0.0
3809,17.7,10699,10.0
3810,18.4,10415,0.0
3811,17.8,10472,2.0
3812,17.8,10330,0.0
3813,17.8,10415,2.0
3814,17.8,10415,0.0
3815,19.1,10645,0.0
3816,17.7,10415,3.0
3817,17.8,10308,0.0
3818,17.9,10522,2.0
3819,17.7,10735,11.0
3820,18.6,10562,0.0
3821,17.9,10522,1.0
3822,18.4,10308,5.0
3823,17.9,10610,0.0
3824,17.8,10397,11.0
3825,18.7,10311,0.0
3826,18.2,10326,7.0
3827,17.9,10413,0.0
3828,18.1,10308,2.0
3829,18.4,10308,3.0
3830,18.4,10566,0.0
3831,18.3,10515,0.0
3832,17.8,10427,0.0
3833,17.8,10349,9.0
3834,17.7,10345,0.0
3835,18.3,10736,1.0
3836,18.8,10616,0.0
3837,17.9,10707,5.0
3838,17.8,10606,0.0
3839,17.9,10621,0.0
3840,18.2,10659,8.0
3841,18.2,10399,1.0
3842,17.9,10715,9.0
3843,18.5,10311,0.0
3844,17.9,10604,0.0
3845,18.2,10559,10.0
3846,18.3,10622,1.0
3847,17.8,10415,5.0
3848,17.9,10629,10.0
3849,17.9,10646,0.0
3850,19.1,10560,10.0
3851,17.9,10457,0.0
3852,17.8,10436,1.0
3853,17.8,10308,0.0
3854,17.8,10643,0.0
3855,18.4,10571,1.0
3856,18.1,10308,0.0
3857,18.3,10629,0.0
3858,17.9,10327,10.0
3859,17.9,10649,0.0
3860,18.4,10435,11.0
3861,18.0,10489,0.0
3862,18.0,10342,7.0
3863,18.0,10356,0.0
3864,18.2,10617,0.0
3865,18.6,10515,0.0
3866,18.0,10753,0.0
3867,17.8,10415,2.0
3868,17.8,10415,0.0
3869,17.7,10727,0.0
3870,18.3,10536,9.0
3871,18.6,10497,0.0
3872,17.8,10377,9.0
3873,18.0,10344,0.0
3874,17.9,10629,0.0
3875,18.2,10415,0.0
3876,18.0,10602,0.0
3877,18.4,10501,0.0
3878,18.2,10522,0.0
3879,18.0,10522,4.0
3880,18.5,10609,0.0
3881,19.1,10581,3.0
3882,20.9,10308,0.0
3883,20.9,10415,0.0
3884,21.4,10309,0.0
3885,21.7,10682,0.0
3886,21.1,10635,11.0
3887,21.0,10492,0.0
3888,21.0,10651,3.0
3889,21.1,10308,0.0
3890,21.6,10517,0.0
3891,21.6,10308,3.0
3892,21.1,10724,0.0
3893,21.0,10711,11.0
3894,20.9,10343,0.0
3895,21.6,10384,5.0
3896,21.0,10362,0.0
3897,20.9,10308,2.0
3898,21.5,10308,0.0
3899,21.0,10415,4.0
3900,21.6,10308,10.0
3901,21.0,10674,4.0
3902,20.8,10686,3.0
3903,20.9,10308,0.0
3904,20.9,10712,0.0
3905,21.8,10527,11.0
3906,21.4,10308,0.0
3907,20.9,10708,0.0
3908,21.0,10415,9.0
3909,21.0,10728,0.0
3910,21.4,10541,10.0
3911,21.0,10328,0.0
3912,21.4,10629,0.0
3913,21.0,10415,0.0
3914,21.0,10669,0.0
3915,20.6,10374,0.0
3916,18.1,10509,0.0
3917,17.8,10629,0.0
3918,17.8,10709,11.0
3919,18.1,10308,0.0
3920,18.7,10569,0.0
3921,17.7,10415,1.0
3922,17.8,10308,11.0
3923,17.9,10537,0.0
3924,17.7,10415,0.0
3925,18.3,10308,0.0
3926,18.7,10415,0.0
3927,18.0,10308,0.0
3928,17.9,10696,0.0
3929,17.7,10538,0.0
3930,18.5,10319,0.0
3931,18.0,10629,10.0
3932,17.9,10308,0.0
3933,18.4,10672,0.0
3934,17.8,10403,8.0
3935,18.2,10309,0.0
3936,18.1,10522,3.0
3937,17.9,10308,5.0
3938,17.9,10308,0.0
3939,17.8,10463,0.0
3940,18.8,10552,0.0
3941,18.4,10736,0.0
3942,18.0,10669,0.0
3943,17.8,10686,6.0
3944,17.7,10359,0.0
3945,18.7,10541,0.0
3946,17.9,10327,0.0
3947,18.4,10541,11.0
3948,18.0,10410,0.0
3949,17.8,10327,2.0
3950,18.5,10327,8.0
3951,18.1,10680,0.0
3952,18.0,10629,10.0
3953,17.9,10457,0.0
3954,18.4,10390,8.0
3955,18.8,10573,0.0
3956,17.8,10452,10.0
3957,17.7,10356,0.0
3958,17.8,10308,0.0
3959,18.0,10453,0.0
3960,18.5,10694,0.0
3961,18.5,10644,8.0
3962,17.9,10412,0.0
3963,17.8,10415,0.0
3964,17.7,10415,6.0
3965,18.7,10586,0.0
3966,18.0,10640,10.0
3967,17.8,10340,0.0
3968,18.3,10619,0.0
3969,17.7,10511,3.0
3970,18.5,10308,0.0
3971,17.9,10603,0.0
3972,17.9,10522,10.0
3973,18.0,10657,0.0
3974,17.9,10487,0.0
3975,18.9,10429,0.0
3976,18.1,10629,0.0
3977,17.9,10308,11.0
3978,17.7,10632,0.0
3979,17.8,10493,0.0
3980,18.6,10411,0.0
3981,18.0,10423,11.0
3982,18.5,10502,0.0
3983,17.8,10415,9.0
3984,18.1,10308,0.0
3985,18.0,10649,0.0
3986,17.8,10467,0.0
3987,17.9,10308,0.0
3988,17.7,10661,0.0
3989,18.7,10573,12.0
3990,18.4,10331,0.0
3991,17.8,10629,6.0
3992,17.8,10308,0.0
3993,17.8,10714,0.0
3994,18.2,10734,12.0
3995,18.4,10421,0.0
3996,18.2,10522,0.0
3997,17.8,10308,0.0
3998,17.9,10522,0.0
3999,18.1,10522,11.0
4000,18.3,10360,0.0
4001,17.9,10415,1.0
4002,17.9,10308,10.0
4003,18.3,10708,0.0
4004,17.6,10417,6.0
4005,18.3,10447,0.0
4006,17.8,10724,0.0
4007,20.9,10593,0.0
4008,20.9,10327,0.0
4009,21.0,10680,0.0
4010,21.9,10358,0.0
4011,20.9,10573,7.0
4012,21.0,10392,0.0
4013,20.9,10289,2.0
4014,21.1,10396,7.0
4015,21.7,10658,0.0
4016,21.1,10556,11.0
4017,21.6,10396,0.0
4018,21.0,10385,10.0
4019,21.0,10336,0.0
4020,21.4,10334,0.0
4021,20.9,10289,8.0
4022,20.9,10594,0.0
4023,20.9,10557,11.0
4024,21.6,10399,0.0
4025,21.5,10464,0.0
4026,21.1,10711,11.0
4027,20.9,10461,0.0
4028,21.1,10480,11.0
4029,21.0,10289,5.0
4030,21.5,10669,0.0
4031,21.3,10566,8.0
4032,20.8,10297,0.0
4033,20.9,10503,7.0
4034,21.2,10610,0.0
4035,21.6,10473,0.0
4036,21.0,10425,9.0
4037,21.1,10345,0.0
4038,21.4,10396,11.0
4039,21.3,10289,0.0
4040,21.3,10641,0.0
4041,21.1,10703,2.0
4042,21.1,10431,0.0
4043,21.0,10697,8.0
4044,21.4,10404,0.0
4045,22.0,10501,0.0
4046,21.0,10610,10.0
4047,20.6,10289,0.0
4048,20.9,10317,5.0
4049,21.4,10396,5.0
4050,21.4,10651,0.0
4051,21.1,10428,5.0
4052,21.5,10289,0.0
4053,20.9,10589,5.0
4054,21.1,10706,8.0
4055,21.2,10377,0.0
4056,21.1,10404,0.0
4057,20.9,10396,9.0
4058,21.0,10365,0.0
4059,21.5,10251,4.0
4060,21.4,10698,10.0
4061,20.9,10344,0.0
4062,21.0,10591,3.0
4063,20.9,10289,10.0
4064,21.3,10455,0.0
4065,21.3,10659,3.0
4066,21.4,10630,9.0
4067,20.9,10465,0.0
4068,20.9,10331,9.0
4069,21.1,10289,0.0
4070,21.4,10565,5.0
4071,20.8,10614,0.0
4072,21.0,10325,0.0
4073,21.4,10396,0.0
4074,21.3,10676,5.0
4075,21.6,10496,0.0
4076,21.1,10396,2.0
4077,21.0,10449,0.0
4078,20.9,10289,5.0
4079,21.2,10493,10.0
4080,22.0,10533,0.0
4081,21.0,10440,9.0
4082,21.0,10323,0.0
4083,20.9,10345,0.0
4084,21.3,10468,0.0
4085,21.2,10459,10.0
4086,20.9,10330,0.0
4087,21.6,10289,0.0
4088,21.2,10289,8.0
4089,21.2,10622,0.0
4090,21.3,10500,10.0
4091,21.0,10518,0.0
4092,21.0,10710,11.0
4093,21.2,10656,0.0
4094,21.7,10689,11.0
4095,21.3,10370,0.0
4096,21.0,10492,0.0
4097,20.9,10396,11.0
4098,21.0,10653,0.0
4099,21.3,10396,3.0
4100,21.7,10356,0.0
4101,21.4,10396,5.0
4102,20.8,10475,0.0
4103,20.9,10565,0.0
4104,21.2,10452,0.0
4105,21.3,10302,0.0
4106,21.0,10503,0.0
4107,20.8,10379,9.0
4108,21.4,10650,0.0
4109,21.1,10527,0.0
4110,21.3,10296,0.0
4111,21.0,10503,0.0
4112,21.0,10717,2.0
4113,21.1,10449,0.0
4114,21.2,10299,3.0
4115,22.0,10289,9.0
4116,21.0,10717,2.0
4117,20.6,10476,11.0
4118,21.0,10519,0.0
4119,21.1,10314,1.0
4120,21.1,10503,0.0
4121,21.3,10586,0.0
4122,21.3,10558,11.0
4123,20.9,10361,0.0
4124,21.1,10503,0.0
4125,21.2,10717,9.0
4126,20.9,10533,2.0
4127,20.9,10362,7.0
4128,20.9,10289,8.0
4129,21.7,10607,0.0
4130,21.1,10311,11.0
4131,21.2,10289,0.0
4132,21.0,10503,2.0
4133,21.0,10289,0.0
4134,21.2,10610,2.0
4135,21.3,10366,0.0
4136,21.5,10701,0.0
4137,20.9,10322,11.0
4138,21.0,10289,0.0
4139,21.1,10423,0.0
4140,21.2,10396,2.0
4141,21.0,10466,0.0
4142,20.9,10564,0.0
4143,21.3,10561,10.0
4144,21.1,10289,0.0
4145,21.4,10717,0.0
4146,21.1,10289,9.0
4147,21.1,10637,0.0
4148,21.0,10398,0.0
4149,20.8,10289,0.0
4150,21.9,10736,0.0
4151,20.9,10579,11.0
4152,20.7,10383,0.0
4153,20.7,10415,2.0
4154,21.3,10415,11.0
4155,21.4,10637,0.0
4156,21.0,10308,5.0
4157,21.4,10415,7.0
4158,21.1,10703,0.0
4159,21.0,10620,4.0
4160,21.5,10369,0.0
4161,20.9,10728,0.0
4162,20.9,10486,0.0
4163,21.0,10308,0.0
4164,21.2,10673,0.0
4165,21.6,10575,1.0
4166,20.9,10503,0.0
4167,20.8,10629,0.0
4168,21.1,10308,0.0
4169,21.0,10557,0.0
4170,21.5,10482,0.0
4171,21.4,10432,0.0
4172,20.8,10415,0.0
4173,20.9,10313,0.0
4174,21.5,10472,0.0
4175,21.3,10396,9.0
4176,21.0,10289,0.0
4177,21.1,10688,0.0
4178,21.3,10717,3.0
4179,21.3,10345,0.0
4180,21.2,10717,0.0
4181,21.1,10396,4.0
4182,21.0,10638,0.0
4183,21.1,10445,9.0
4184,21.0,10289,0.0
4185,22.1,10622,0.0
4186,21.1,10483,2.0
4187,21.1,10426,0.0
4188,20.9,10610,0.0
4189,21.0,10289,0.0
4190,21.8,10610,0.0
4191,21.3,10559,3.0
4192,21.5,10289,0.0
4193,20.9,10610,0.0
4194,20.7,10503,9.0
4195,21.9,10635,0.0
4196,20.9,10717,8.0
4197,21.0,10443,0.0
4198,21.1,10503,0.0
4199,21.4,10381,8.0
4200,21.7,10461,0.0
4201,21.0,10396,10.0
4202,20.8,10396,0.0
4203,21.1,10602,2.0
4204,20.8,10516,5.0
4205,21.6,10356,0.0
4206,21.3,10629,0.0
4207,21.1,10715,11.0
4208,21.1,10515,0.0
4209,20.7,10698,0.0
4210,21.6,10401,0.0
4211,21.0,10340,0.0
4212,20.9,10570,2.0
4213,21.6,10610,3.0
4214,21.4,10535,0.0
4215,21.1,10315,7.0
4216,21.0,10295,0.0
4217,21.2,10503,2.0
4218,20.9,10492,1.0
4219,21.1,10417,0.0
4220,21.8,10359,1.0
4221,21.4,10364,0.0
4222,20.9,10396,0.0
4223,21.1,10350,0.0
4224,21.3,10289,11.0
4225,21.4,10610,3.0
4226,21.0,10541,1.0
4227,21.4,10548,10.0
4228,20.9,10362,0.0
4229,21.1,10609,0.0
4230,21.3,10422,11.0
4231,21.0,10310,0.0
4232,20.9,10717,0.0
4233,20.9,10500,5.0
4234,21.5,10371,0.0
4235,21.4,10625,0.0
4236,21.0,10609,5.0
4237,21.1,10540,0.0
4238,21.1,10506,0.0
4239,21.2,10351,0.0
4240,21.5,10337,4.0
4241,21.5,10352,0.0
4242,20.9,10415,11.0
4243,21.0,10308,0.0
4244,21.0,10599,0.0
4245,21.4,10608,0.0
4246,21.0,10599,0.0
4247,21.1,10447,10.0
4248,21.4,10397,0.0
4249,21.1,10415,0.0
4250,21.5,10308,0.0
4251,21.1,10733,0.0
4252,21.0,10522,8.0
4253,21.0,10526,0.0
4254,21.1,10437,9.0
4255,21.9,10308,0.0
4256,21.0,10474,0.0
4257,20.9,10712,11.0
4258,21.0,10316,0.0
4259,20.7,10682,0.0
4260,21.8,10424,4.0
4261,21.0,10308,0.0
4262,21.5,10415,0.0
4263,21.1,10522,0.0
4264,21.0,10648,0.0
4265,21.4,10485,9.0
4266,21.4,10375,0.0
4267,21.1,10374,1.0
4268,20.9,10332,0.0
4269,21.4,10731,0.0
4270,21.5,10555,5.0
4271,21.3,10345,0.0
4272,20.9,10621,8.0
4273,20.9,10593,9.0
4274,20.9,10460,0.0
4275,21.4,10601,6.0
4276,21.6,10713,11.0
4277,21.1,10308,0.0
4278,20.9,10622,5.0
4279,20.9,10522,9.0
4280,21.8,10448,0.0
4281,21.1,10331,2.0
4282,21.0,10412,4.0
4283,21.1,10339,0.0
4284,21.0,10629,0.0
4285,21.6,10308,0.0
4286,21.3,10690,0.0
4287,21.1,10668,4.0
4288,21.0,10522,0.0
4289,20.9,10522,8.0
4290,22.1,10308,0.0
4291,21.1,10725,0.0
4292,21.0,10308,11.0
4293,20.9,10615,0.0
4294,20.9,10483,4.0
4295,21.2,10308,9.0
4296,21.4,10415,0.0
4297,21.4,10414,0.0
4298,21.0,10641,0.0
4299,20.8,10477,11.0
4300,21.6,10466,0.0
4301,21.2,10483,9.0
4302,21.1,10473,0.0
4303,21.1,10308,4.0
4304,21.5,10317,0.0
4305,21.8,10694,0.0
4306,21.0,10721,5.0
4307,21.1,10499,0.0
4308,21.0,10554,9.0
4309,20.9,10385,0.0
4310,21.8,10519,0.0
4311,21.3,10308,2.0
4312,21.3,10326,0.0
4313,21.1,10522,5.0
4314,20.8,10399,10.0
4315,21.6,10511,0.0
4316,21.1,10434,10.0
4317,21.0,10385,0.0
4318,21.3,10354,11.0
4319,20.9,10333,0.0
4320,21.4,10100,0.0
4321,21.0,10314,0.0
4322,21.0,10315,2.0
4323,20.9,10302,1.0
4324,20.8,10263,0.0
4325,22.0,10208,0.0
4326,21.0,10101,10.0
4327,21.0,10310,0.0
4328,21.0,10117,0.0
4329,21.1,10208,0.0
4330,21.3,10295,0.0
4331,21.4,10127,7.0
4332,21.7,10101,0.0
4333,20.9,10495,0.0
4334,21.1,10463,7.0
4335,21.5,10127,0.0
4336,21.1,10315,11.0
4337,20.7,10207,7.0
4338,17.9,10393,0.0
4339,18.3,10413,9.0
4340,18.6,10393,0.0
4341,17.8,10206,1.0
4342,17.9,10318,0.0
4343,17.9,10443,9.0
4344,17.9,10101,5.0
4345,18.4,10409,0.0
4346,18.9,10241,0.0
4347,18.1,10270,0.0
4348,18.0,10313,10.0
4349,18.2,10180,0.0
4350,18.4,10314,0.0
4351,17.9,10101,1.0
4352,17.9,10410,0.0
4353,18.7,10174,9.0
4354,17.7,10102,0.0
4355,18.6,10100,0.0
4356,17.9,10101,5.0
4357,18.0,10497,0.0
4358,18.0,10480,9.0
4359,17.6,10287,0.0
4360,19.0,10124,8.0
4361,18.2,10294,0.0
4362,17.8,10302,11.0
4363,17.8,10153,0.0
4364,17.8,10207,2.0
4365,18.4,10337,5.0
4366,17.9,10405,0.0
4367,18.4,10184,3.0
4368,18.1,10191,0.0
4369,17.7,10303,0.0
4370,18.4,10529,10.0
4371,18.1,10115,0.0
4372,17.8,10298,0.0
4373,17.9,10278,4.0
4374,18.2,10101,0.0
4375,18.3,10390,0.0
4376,18.2,10198,2.0
4377,18.0,10101,0.0
4378,18.0,10208,0.0
4379,17.9,10101,0.0
4380,17.7,10476,0.0
4381,18.0,10186,0.0
4382,18.9,10281,1.0
4383,18.0,10321,11.0
4384,17.7,10101,0.0
4385,17.9,10473,0.0
4386,17.7,10524,11.0
4387,18.2,10229,0.0
4388,18.2,10138,11.0
4389,18.4,10116,0.0
4390,17.8,10312,0.0
4391,17.8,10436,5.0
4392,18.4,10101,0.0
4393,18.3,10314,0.0
4394,17.9,10204,0.0
4395,17.9,10359,0.0
4396,18.1,10201,1.0
4397,18.1,10315,6.0
4398,18.3,10489,1.0
4399,18.0,10455,0.0
4400,17.7,10304,0.0
4401,18.0,10220,1.0
4402,18.5,10101,0.0
4403,18.7,10314,0.0
4404,17.8,10101,10.0
4405,17.8,10456,0.0
4406,17.6,10419,9.0
4407,18.2,10101,0.0
4408,18.2,10415,0.0
4409,18.4,10354,10.0
4410,18.1,10115,0.0
4411,17.9,10314,3.0
4412,18.3,10200,0.0
4413,18.3,10285,0.0
4414,18.0,10254,0.0
4415,17.8,10101,6.0
4416,18.0,10246,0.0
4417,18.7,10207,1.0
4418,18.3,10101,8.0
4419,17.8,10467,0.0
4420,17.8,10240,7.0
4421,18.2,10177,0.0
4422,18.1,10298,0.0
4423,18.4,10325,5.0
4424,18.4,10153,0.0
4425,17.8,10314,11.0
4426,17.9,10134,0.0
4427,18.0,10477,0.0
4428,18.3,10297,2.0
4429,17.9,10206,0.0
4430,18.0,10242,0.0
4431,18.3,10057,0.0
4432,20.2,10151,1.0
4433,21.8,10227,0.0
4434,21.1,10468,0.0
4435,21.0,10491,11.0
4436,20.8,10227,0.0
4437,21.5,10373,0.0
4438,21.7,10247,4.0
4439,20.9,10182,0.0
4440,20.8,10170,0.0
4441,21.1,10170,6.0
4442,22.3,10428,0.0
4443,21.2,10106,10.0
4444,21.0,10063,0.0
4445,21.5,10340,0.0
4446,20.8,10501,1.0
4447,21.0,10169,0.0
4448,21.4,10403,0.0
4449,20.9,10510,9.0
4450,20.9,10195,0.0
4451,21.0,10238,2.0
4452,21.7,10189,0.0
4453,21.8,10296,2.0
4454,21.1,10189,0.0
4455,21.0,10396,0.0
4456,21.0,10082,9.0
4457,21.0,10449,0.0
4458,21.5,10161,0.0
4459,21.8,10130,0.0
4460,21.0,10207,0.0
4461,21.0,10189,0.0
4462,20.8,10403,0.0
4463,21.3,10454,2.0
4464,21.4,10138,0.0
4465,20.9,10494,0.0
4466,21.3,10432,0.0
4467,21.3,10210,0.0
4468,21.4,10266,2.0
4469,21.3,10310,0.0
4470,20.8,10082,5.0
4471,21.0,10082,0.0
4472,20.4,10486,0.0
4473,18.7,10189,0.0
4474,18.2,10082,5.0
4475,17.9,10373,0.0
4476,18.0,10210,2.0
4477,17.9,10101,0.0
4478,18.2,10499,0.0
4479,18.3,10332,0.0
4480,18.4,10275,0.0
4481,18.2,10421,11.0
4482,17.9,10453,0.0
4483,18.2,10264,5.0
4484,18.2,10101,0.0
4485,17.9,10376,1.0
4486,17.4,10422,0.0
4487,17.3,10151,0.0
4488,17.0,10309,0.0
4489,17.8,10291,5.0
4490,17.8,10177,0.0
4491,17.7,10490,0.0
4492,17.6,10207,0.0
4493,18.3,10524,10.0
4494,18.6,10292,0.0
4495,18.3,10100,4.0
4496,17.8,10101,8.0
4497,17.9,10410,0.0
4498,18.2,10315,1.0
4499,18.2,10204,7.0
4500,17.9,10301,0.0
4501,17.8,10269,11.0
4502,18.3,10133,0.0
4503,18.1,10410,0.0
4504,18.3,10463,11.0
4505,18.0,10325,0.0
4506,17.8,10100,1.0
4507,17.8,10193,0.0
4508,18.3,10501,0.0
4509,18.9,10207,0.0
4510,17.8,10208,0.0
4511,18.0,10528,4.0
4512,17.9,10257,1.0
4513,18.1,10382,0.0
4514,18.3,10207,2.0
4515,18.0,10208,5.0
4516,18.7,10439,0.0
4517,17.8,10159,6.0
4518,18.2,10101,9.0
4519,18.4,10356,1.0
4520,17.9,10213,6.0
4521,17.8,10101,0.0
4522,18.1,10314,0.0
4523,18.7,10101,9.0
4524,18.2,10407,0.0
4525,17.7,10124,3.0
4526,18.0,10101,0.0
4527,17.9,10436,0.0
4528,18.0,10269,0.0
4529,18.3,10101,7.0
4530,18.6,10458,0.0
4531,17.8,10251,7.0
4532,17.8,10173,0.0
4533,17.8,10314,0.0
4534,18.4,10452,1.0
4535,18.0,10113,0.0
4536,17.9,10418,0.0
4537,18.2,10346,0.0
4538,18.0,10101,9.0
4539,18.1,10309,0.0
4540,18.2,10207,0.0
4541,18.0,10195,9.0
4542,17.9,10206,0.0
4543,17.7,10422,0.0
4544,18.5,10391,0.0
4545,18.3,10101,0.0
4546,18.0,10529,0.0
4547,17.9,10417,5.0
4548,17.9,10468,0.0
4549,18.0,10003,10.0
4550,17.7,9951,0.0
4551,16.3,10008,6.0
4552,16.9,10009,10.0
4553,16.2,10009,3.0
4554,16.7,10009,6.0
4555,16.7,10009,5.0
4556,16.4,10010,4.0
4557,16.3,10010,7.0
4558,16.4,10010,5.0
4559,16.8,10010,4.0
4560,16.8,10010,8.0
4561,16.8,10011,5.0
4562,16.4,10011,5.0
4563,16.2,10011,9.0
4564,16.4,10011,5.0
4565,16.9,10011,6.0
4566,17.0,10012,9.0
4567,18.6,10012,4.0
4568,19.7,10012,6.0
4569,19.3,10012,8.0
4570,19.3,10013,5.0
4571,19.7,10013,4.0
4572,20.0,10013,7.0
4573,19.4,10013,5.0
4574,19.5,10013,4.0
4575,19.7,10014,5.0
4576,19.9,10014,9.0
4577,19.7,10014,4.0
4578,19.4,10014,5.0
4579,19.5,10015,5.0
4580,19.5,10015,4.0
4581,19.4,10015,7.0
4582,19.9,10015,5.0
4583,20.5,10015,5.0
4584,19.4,10016,7.0
4585,19.5,10016,9.0
4586,19.5,10016,4.0
4587,19.7,10016,8.0
4588,19.8,10017,4.0
4589,19.6,10017,3.0
4590,19.6,10017,5.0
4591,20.1,10017,6.0
4592,19.4,10017,3.0
4593,19.7,9395,6.0
4594,19.8,9395,4.0
4595,19.4,9395,5.0
4596,19.4,9396,5.0
4597,19.3,9396,4.0
4598,19.9,9396,6.0
4599,19.9,9396,4.0
4600,19.8,9397,7.0
4601,19.3,9397,5.0
4602,19.4,9397,6.0
4603,19.5,9397,5.0
4604,19.9,9397,8.0
4605,20.0,9398,5.0
4606,20.0,9398,9.0
4607,19.4,9398,5.0
4608,19.5,9398,7.0
4609,19.5,9398,5.0
4610,19.8,9399,7.0
4611,19.9,9399,5.0
4612,19.5,9399,7.0
4613,20.0,9399,5.0
4614,19.8,9400,6.0
4615,19.3,9400,4.0
4616,19.9,9400,6.0
4617,19.7,9400,5.0
4618,19.5,9400,6.0
4619,19.5,9401,5.0
4620,19.3,9401,4.0
4621,20.1,9401,5.0
4622,20.6,9401,4.0
4623,19.3,9401,6.0
4624,19.5,9402,4.0
4625,19.5,9402,8.0
4626,19.4,9402,5.0
4627,19.7,9402,7.0
4628,19.9,9403,5.0
4629,19.4,9403,5.0
4630,20.3,9403,4.0
4631,19.5,9403,8.0
4632,19.5,9403,4.0
4633,20.0,9404,8.0
4634,19.8,9404,5.0
4635,19.3,9404,6.0
4636,19.5,9404,7.0
4637,19.5,9404,5.0
4638,20.2,9405,6.0
4639,19.9,9405,4.0
4640,19.3,9405,9.0
4641,19.3,9405,5.0
4642,19.5,9406,5.0
4643,19.3,9406,5.0
4644,20.0,9406,5.0
4645,19.9,9406,5.0
4646,20.0,9406,5.0
4647,19.5,9407,7.0
4648,19.2,9407,5.0
4649,19.8,9407,6.0
4650,19.8,9407,5.0
4651,19.3,9407,6.0
4652,19.4,9408,4.0
4653,19.6,9408,4.0
4654,19.9,9408,7.0
4655,19.8,9408,4.0
4656,20.1,9408,8.0
4657,19.5,9409,4.0
4658,19.5,9409,7.0
4659,19.3,9409,5.0
4660,19.9,9409,6.0
4661,20.3,9409,5.0
4662,19.9,9410,4.0
4663,19.6,9410,8.0
4664,19.3,9410,5.0
4665,19.0,9411,7.0
4666,19.8,9412,5.0
4667,20.0,9414,7.0
4668,19.5,9415,4.0
4669,19.4,9416,9.0
4670,20.1,9417,5.0
4671,19.3,9418,7.0
4672,19.8,9420,5.0
4673,19.9,9421,6.0
4674,19.4,9422,5.0
4675,19.6,9423,5.0
4676,19.3,9425,7.0
4677,19.9,9426,4.0
4678,20.5,9427,5.0
4679,19.5,9428,4.0
4680,19.5,9429,8.0
4681,19.5,9431,4.0
4682,19.5,9432,6.0
4683,19.8,9433,5.0
4684,19.9,9434,6.0
4685,19.5,9435,5.0
4686,20.0,9437,5.0
4687,19.4,9438,8.0
4688,19.1,9439,4.0
4689,19.8,9440,7.0
4690,19.9,9441,3.0
4691,19.5,9443,5.0
4692,19.4,9444,5.0
4693,19.6,9445,5.0
4694,20.3,9446,5.0
4695,19.7,9447,6.0
4696,19.5,9449,5.0
4697,19.3,9450,4.0
4698,19.5,9451,6.0
4699,19.5,9452,4.0
4700,19.6,9453,4.0
4701,20.4,9455,5.0
4702,19.6,9456,5.0
4703,19.4,9457,4.0
4704,19.4,9458,6.0
4705,19.3,9459,4.0
4706,19.8,9461,6.0
4707,20.0,9462,4.0
4708,19.4,9463,9.0
4709,20.0,9466,4.0
4710,19.8,9466,7.0
4711,19.7,9467,3.0
4712,19.8,9468,7.0
4713,19.4,9469,5.0
4714,19.5,9470,6.0
4715,19.4,9471,9.0
4716,19.3,9473,4.0
4717,20.4,9474,6.0
4718,20.0,9475,4.0
4719,19.4,9476,8.0
4720,19.4,9477,5.0
4721,19.6,9479,6.0
4722,19.6,9480,5.0
4723,19.9,9481,5.0
4724,20.3,9482,5.0
4725,19.9,9483,4.0
4726,19.9,9485,9.0
4727,19.4,9486,5.0
4728,20.0,9487,8.0
4729,20.0,9490,4.0
4730,19.4,9490,6.0
4731,19.4,9491,5.0
4732,19.5,9492,6.0
4733,20.3,9493,4.0
4734,19.9,9494,6.0
4735,20.0,9496,5.0
4736,19.5,9497,7.0
4737,19.4,9498,5.0
4738,19.4,9499,6.0
4739,19.4,9500,5.0
4740,20.0,9502,6.0
4741,20.4,9503,6.0
4742,19.3,9504,4.0
4743,19.4,9505,9.0
4744,19.3,9506,4.0
4745,19.3,9518,0.0
